datetime,open,high,low,close,volume
2026-02-02T14:30:00+00:00,233.30999999999995,241.22999999999993,230.87999999999994,240.79999999999995,4984
2026-02-02T14:45:00+00:00,240.79999999999995,242.00999999999993,239.51999999999995,240.82999999999993,4133
2026-02-02T15:00:00+00:00,240.82999999999993,245.45999999999995,240.59999999999994,245.45999999999995,3943
2026-02-02T15:15:00+00:00,245.45999999999995,246.17999999999995,244.28999999999994,244.54999999999995,3162
2026-02-02T15:30:00+00:00,244.54999999999995,245.42999999999995,243.84999999999994,244.46999999999994,2913
2026-02-02T15:45:00+00:00,244.46999999999994,244.48999999999995,242.37999999999994,243.08999999999995,2774
2026-02-02T16:00:00+00:00,243.08999999999995,243.45999999999995,242.31999999999994,243.10999999999993,2383
2026-02-02T16:15:00+00:00,243.10999999999993,244.09999999999994,242.86999999999995,243.65999999999994,1998
2026-02-02T16:30:00+00:00,243.65999999999994,244.41999999999993,243.31999999999994,243.57999999999993,1877
2026-02-02T16:45:00+00:00,243.57999999999993,244.53999999999994,243.20999999999995,244.30999999999995,1479
2026-02-02T17:00:00+00:00,244.30999999999995,245.17999999999995,244.26999999999995,244.33999999999995,1597
2026-02-02T17:15:00+00:00,244.33999999999995,245.06999999999994,243.98999999999995,244.92999999999995,1250
2026-02-02T17:30:00+00:00,244.92999999999995,245.30999999999995,244.72999999999993,244.94999999999993,1430
2026-02-02T17:45:00+00:00,244.94999999999993,245.00999999999993,244.32999999999993,244.61999999999995,1210
2026-02-02T18:00:00+00:00,244.61999999999995,244.95999999999995,244.36999999999995,244.60999999999993,903
2026-02-02T18:15:00+00:00,244.60999999999993,244.89999999999995,243.66999999999993,243.84999999999994,998
2026-02-02T18:30:00+00:00,243.84999999999994,244.43999999999994,243.41999999999993,244.28999999999994,1239
2026-02-02T18:45:00+00:00,244.28999999999994,245.90999999999994,244.28999999999994,245.86999999999995,1188
2026-02-02T19:00:00+00:00,245.86999999999995,246.17999999999995,245.28999999999994,245.45999999999995,1189
2026-02-02T19:15:00+00:00,245.45999999999995,246.19999999999993,245.32999999999993,245.87999999999994,1106
2026-02-02T19:30:00+00:00,245.87999999999994,245.94999999999993,244.14999999999995,244.35999999999993,1349
2026-02-02T19:45:00+00:00,244.35999999999993,244.71999999999994,242.37999999999994,242.48999999999995,1537
2026-02-02T20:00:00+00:00,242.48999999999995,243.58999999999995,242.01999999999995,242.67999999999995,1846
2026-02-02T20:15:00+00:00,242.67999999999995,243.40999999999994,242.59999999999994,243.08999999999995,1442
2026-02-02T20:30:00+00:00,243.08999999999995,243.10999999999993,241.67999999999995,241.90999999999994,1545
2026-02-02T20:45:00+00:00,241.90999999999994,242.51999999999995,241.44999999999993,242.47999999999993,2757
2026-02-03T14:30:00+00:00,242.47999999999993,248.60999999999993,241.77999999999994,242.22999999999993,4382
2026-02-03T14:45:00+00:00,242.22999999999993,244.13999999999993,239.23999999999995,239.46999999999994,4030
2026-02-03T15:00:00+00:00,239.46999999999994,240.75999999999993,237.96999999999994,238.81999999999994,4553
2026-02-03T15:15:00+00:00,238.81999999999994,241.41999999999993,238.26999999999995,239.67999999999995,4796
2026-02-03T15:30:00+00:00,239.67999999999995,240.54999999999995,238.56999999999994,238.85999999999993,3750
2026-02-03T15:45:00+00:00,238.85999999999993,242.27999999999994,238.36999999999995,241.99999999999994,3563
2026-02-03T16:00:00+00:00,241.99999999999994,242.06999999999994,240.36999999999995,240.82999999999993,3047
2026-02-03T16:15:00+00:00,240.82999999999993,241.34999999999994,240.04999999999995,240.40999999999994,2296
2026-02-03T16:30:00+00:00,240.40999999999994,241.49999999999994,240.16999999999993,241.15999999999994,2297
2026-02-03T16:45:00+00:00,241.15999999999994,241.29999999999995,240.19999999999993,240.49999999999994,2185
2026-02-03T17:00:00+00:00,240.49999999999994,240.59999999999994,238.11999999999995,238.41999999999993,2639
2026-02-03T17:15:00+00:00,238.41999999999993,239.54999999999995,238.17999999999995,238.75999999999993,2641
2026-02-03T17:30:00+00:00,238.75999999999993,238.75999999999993,236.33999999999995,236.76999999999995,2222
2026-02-03T17:45:00+00:00,236.76999999999995,237.83999999999995,236.46999999999994,236.62999999999994,2041
2026-02-03T18:00:00+00:00,236.62999999999994,237.70999999999995,236.15999999999994,236.21999999999994,2225
2026-02-03T18:15:00+00:00,236.21999999999994,236.91999999999993,235.43999999999994,236.04999999999995,1862
2026-02-03T18:30:00+00:00,236.04999999999995,236.06999999999994,234.50999999999993,234.67999999999995,2222
2026-02-03T18:45:00+00:00,234.67999999999995,235.05999999999995,233.70999999999995,233.70999999999995,1936
2026-02-03T19:00:00+00:00,233.70999999999995,235.99999999999994,233.28999999999994,235.91999999999993,2481
2026-02-03T19:15:00+00:00,235.91999999999993,237.70999999999995,235.88999999999993,236.54999999999995,2921
2026-02-03T19:30:00+00:00,236.54999999999995,237.89999999999995,235.55999999999995,237.18999999999994,3118
2026-02-03T19:45:00+00:00,237.18999999999994,238.32999999999993,236.55999999999995,238.09999999999994,2534
2026-02-03T20:00:00+00:00,238.09999999999994,238.51999999999995,237.62999999999994,238.50999999999993,1889
2026-02-03T20:15:00+00:00,238.50999999999993,239.48999999999995,237.66999999999993,239.12999999999994,2196
2026-02-03T20:30:00+00:00,239.12999999999994,241.44999999999993,239.12999999999994,240.40999999999994,2756
2026-02-03T20:45:00+00:00,240.40999999999994,241.37999999999994,238.10999999999993,238.25999999999993,3854
2026-02-04T14:30:00+00:00,238.25999999999993,238.25999999999993,206.06999999999994,207.68999999999994,5654
2026-02-04T14:45:00+00:00,207.68999999999994,207.98999999999995,203.27999999999994,203.59999999999994,4866
2026-02-04T15:00:00+00:00,203.59999999999994,205.75999999999993,202.26999999999995,205.53999999999994,4977
2026-02-04T15:15:00+00:00,205.53999999999994,205.87999999999994,203.27999999999994,204.63999999999993,4295
2026-02-04T15:30:00+00:00,204.63999999999993,205.24999999999994,201.46999999999994,203.88999999999993,4657
2026-02-04T15:45:00+00:00,203.88999999999993,204.59999999999994,201.96999999999994,202.01999999999995,3353
2026-02-04T16:00:00+00:00,202.01999999999995,202.56999999999994,200.27999999999994,202.04999999999995,3526
2026-02-04T16:15:00+00:00,202.04999999999995,202.23999999999995,199.40999999999994,200.43999999999994,3276
2026-02-04T16:30:00+00:00,200.43999999999994,200.44999999999993,197.84999999999994,198.00999999999993,3363
2026-02-04T16:45:00+00:00,198.00999999999993,199.24999999999994,197.02999999999994,199.18999999999994,3842
2026-02-04T17:00:00+00:00,199.18999999999994,199.55999999999995,197.86999999999995,198.99999999999994,2884
2026-02-04T17:15:00+00:00,198.99999999999994,199.46999999999994,196.71999999999994,196.86999999999995,2926
2026-02-04T17:30:00+00:00,196.86999999999995,197.77999999999994,195.41999999999993,196.28999999999994,3701
2026-02-04T17:45:00+00:00,196.28999999999994,198.28999999999994,195.87999999999994,198.15999999999994,3353
2026-02-04T18:00:00+00:00,198.15999999999994,199.55999999999995,197.36999999999995,197.89999999999995,3282
2026-02-04T18:15:00+00:00,197.89999999999995,198.82999999999993,196.80999999999995,198.48999999999995,2585
2026-02-04T18:30:00+00:00,198.48999999999995,198.48999999999995,197.27999999999994,197.59999999999994,3045
2026-02-04T18:45:00+00:00,197.59999999999994,198.31999999999994,195.99999999999994,196.91999999999993,2669
2026-02-04T19:00:00+00:00,196.91999999999993,197.37999999999994,196.18999999999994,196.49999999999994,2795
2026-02-04T19:15:00+00:00,196.49999999999994,197.57999999999993,196.13999999999993,197.18999999999994,2564
2026-02-04T19:30:00+00:00,197.18999999999994,199.03999999999994,197.12999999999994,198.81999999999994,2383
2026-02-04T19:45:00+00:00,198.81999999999994,200.45999999999995,198.11999999999995,200.20999999999995,3151
2026-02-04T20:00:00+00:00,200.20999999999995,200.44999999999993,197.96999999999994,198.50999999999993,2422
2026-02-04T20:15:00+00:00,198.50999999999993,199.27999999999994,197.64999999999995,197.83999999999995,2071
2026-02-04T20:30:00+00:00,197.83999999999995,199.87999999999994,197.65999999999994,199.29999999999995,2350
2026-02-04T20:45:00+00:00,199.29999999999995,199.30999999999995,196.31999999999994,196.60999999999993,3479
2026-02-05T14:30:00+00:00,196.60999999999993,199.55999999999995,192.96999999999994,197.30999999999995,4892
2026-02-05T14:45:00+00:00,197.30999999999995,200.18999999999994,194.36999999999995,194.76999999999995,3710
2026-02-05T15:00:00+00:00,194.76999999999995,195.06999999999994,189.51999999999995,189.74999999999994,4047
2026-02-05T15:15:00+00:00,189.74999999999994,191.10999999999993,189.06999999999994,189.28999999999994,4232
2026-02-05T15:30:00+00:00,189.28999999999994,191.21999999999994,187.78999999999994,190.76999999999995,4159
2026-02-05T15:45:00+00:00,190.76999999999995,191.05999999999995,188.06999999999994,188.91999999999993,3344
2026-02-05T16:00:00+00:00,188.91999999999993,189.32999999999993,187.31999999999994,187.37999999999994,3080
2026-02-05T16:15:00+00:00,187.37999999999994,192.95999999999995,187.37999999999994,192.43999999999994,3700
2026-02-05T16:30:00+00:00,192.43999999999994,192.83999999999995,191.47999999999993,191.62999999999994,2975
2026-02-05T16:45:00+00:00,191.62999999999994,192.08999999999995,189.93999999999994,192.02999999999994,2588
2026-02-05T17:00:00+00:00,192.02999999999994,192.09999999999994,189.71999999999994,190.11999999999995,2334
2026-02-05T17:15:00+00:00,190.11999999999995,191.77999999999994,189.29999999999995,191.17999999999995,2214
2026-02-05T17:30:00+00:00,191.17999999999995,191.64999999999995,190.66999999999993,190.84999999999994,2108
2026-02-05T17:45:00+00:00,190.84999999999994,191.35999999999993,189.57999999999993,190.18999999999994,2073
2026-02-05T18:00:00+00:00,190.18999999999994,191.09999999999994,189.67999999999995,190.05999999999995,2058
2026-02-05T18:15:00+00:00,190.05999999999995,190.35999999999993,188.56999999999994,188.62999999999994,2075
2026-02-05T18:30:00+00:00,188.62999999999994,189.82999999999993,188.36999999999995,188.69999999999993,2374
2026-02-05T18:45:00+00:00,188.69999999999993,188.87999999999994,187.37999999999994,187.53999999999994,2555
2026-02-05T19:00:00+00:00,187.53999999999994,189.07999999999993,187.27999999999994,188.67999999999995,2583
2026-02-05T19:15:00+00:00,188.67999999999995,189.44999999999993,188.15999999999994,188.16999999999993,2250
2026-02-05T19:30:00+00:00,188.16999999999993,188.24999999999994,187.35999999999993,187.43999999999994,2163
2026-02-05T19:45:00+00:00,187.43999999999994,187.83999999999995,186.97999999999993,187.70999999999995,2392
2026-02-05T20:00:00+00:00,187.70999999999995,189.80999999999995,187.46999999999994,188.87999999999994,1809
2026-02-05T20:15:00+00:00,188.87999999999994,188.93999999999994,187.19999999999993,187.19999999999993,2012
2026-02-05T20:30:00+00:00,187.19999999999993,188.65999999999994,187.04999999999995,188.56999999999994,2121
2026-02-05T20:45:00+00:00,188.56999999999994,188.91999999999993,187.27999999999994,188.61999999999995,3042
2026-02-06T14:30:00+00:00,188.61999999999995,200.47999999999993,188.61999999999995,200.40999999999994,4760
2026-02-06T14:45:00+00:00,200.40999999999994,202.68999999999994,198.98999999999995,198.98999999999995,4859
2026-02-06T15:00:00+00:00,198.98999999999995,201.19999999999993,198.14999999999995,199.23999999999995,4690
2026-02-06T15:15:00+00:00,199.23999999999995,202.91999999999993,199.23999999999995,201.02999999999994,4590
2026-02-06T15:30:00+00:00,201.02999999999994,202.41999999999993,200.40999999999994,201.97999999999993,4035
2026-02-06T15:45:00+00:00,201.97999999999993,202.98999999999995,200.64999999999995,202.12999999999994,3564
2026-02-06T16:00:00+00:00,202.12999999999994,204.61999999999995,201.71999999999994,204.58999999999995,3244
2026-02-06T16:15:00+00:00,204.58999999999995,204.66999999999993,203.17999999999995,203.89999999999995,3127
2026-02-06T16:30:00+00:00,203.89999999999995,204.63999999999993,203.26999999999995,203.71999999999994,2561
2026-02-06T16:45:00+00:00,203.71999999999994,204.43999999999994,203.02999999999994,203.40999999999994,2369
2026-02-06T17:00:00+00:00,203.40999999999994,204.46999999999994,202.92999999999995,204.23999999999995,2223
2026-02-06T17:15:00+00:00,204.23999999999995,204.36999999999995,203.62999999999994,204.29999999999995,1854
2026-02-06T17:30:00+00:00,204.29999999999995,204.98999999999995,203.84999999999994,204.10999999999993,2194
2026-02-06T17:45:00+00:00,204.10999999999993,205.31999999999994,204.08999999999995,204.40999999999994,1902
2026-02-06T18:00:00+00:00,204.40999999999994,204.73999999999995,203.96999999999994,204.42999999999995,1640
2026-02-06T18:15:00+00:00,204.42999999999995,204.67999999999995,203.47999999999993,203.75999999999993,1617
2026-02-06T18:30:00+00:00,203.75999999999993,204.21999999999994,203.38999999999993,203.58999999999995,1489
2026-02-06T18:45:00+00:00,203.58999999999995,204.05999999999995,203.54999999999995,203.82999999999993,1352
2026-02-06T19:00:00+00:00,203.82999999999993,203.88999999999993,202.67999999999995,202.77999999999994,1511
2026-02-06T19:15:00+00:00,202.77999999999994,203.38999999999993,202.48999999999995,203.18999999999994,1460
2026-02-06T19:30:00+00:00,203.18999999999994,203.30999999999995,202.39999999999995,202.54999999999995,1507
2026-02-06T19:45:00+00:00,202.54999999999995,203.42999999999995,202.48999999999995,202.54999999999995,1333
2026-02-06T20:00:00+00:00,202.54999999999995,203.35999999999993,202.28999999999994,203.19999999999993,1480
2026-02-06T20:15:00+00:00,203.19999999999993,204.20999999999995,203.17999999999995,204.10999999999993,1801
2026-02-06T20:30:00+00:00,204.10999999999993,204.85999999999993,203.83999999999995,204.73999999999995,1816
2026-02-06T20:45:00+00:00,204.73999999999995,205.52999999999994,204.43999999999994,204.58999999999995,3152
2026-02-09T14:30:00+00:00,204.58999999999995,207.19999999999993,200.42999999999995,206.12999999999994,3056
2026-02-09T14:45:00+00:00,206.12999999999994,210.09999999999994,206.06999999999994,209.41999999999993,4543
2026-02-09T15:00:00+00:00,209.41999999999993,211.43999999999994,209.41999999999993,210.11999999999995,3579
2026-02-09T15:15:00+00:00,210.11999999999995,210.38999999999993,208.35999999999993,208.47999999999993,2736
2026-02-09T15:30:00+00:00,208.47999999999993,211.08999999999995,208.47999999999993,211.02999999999994,2362
2026-02-09T15:45:00+00:00,211.02999999999994,212.12999999999994,210.58999999999995,211.58999999999995,2062
2026-02-09T16:00:00+00:00,211.58999999999995,212.28999999999994,211.06999999999994,211.76999999999995,1843
2026-02-09T16:15:00+00:00,211.76999999999995,212.10999999999993,211.34999999999994,211.60999999999993,1569
2026-02-09T16:30:00+00:00,211.60999999999993,212.78999999999994,211.42999999999995,212.19999999999993,1706
2026-02-09T16:45:00+00:00,212.19999999999993,212.99999999999994,212.05999999999995,212.20999999999995,1447
2026-02-09T17:00:00+00:00,212.20999999999995,212.81999999999994,212.01999999999995,212.09999999999994,1273
2026-02-09T17:15:00+00:00,212.09999999999994,212.96999999999994,212.06999999999994,212.18999999999994,1360
2026-02-09T17:30:00+00:00,212.18999999999994,212.59999999999994,211.77999999999994,211.79999999999995,1166
2026-02-09T17:45:00+00:00,211.79999999999995,212.02999999999994,211.51999999999995,211.83999999999995,1190
2026-02-09T18:00:00+00:00,211.83999999999995,212.53999999999994,211.48999999999995,211.50999999999993,1326
2026-02-09T18:15:00+00:00,211.50999999999993,212.16999999999993,210.57999999999993,211.39999999999995,1866
2026-02-09T18:30:00+00:00,211.39999999999995,212.75999999999993,211.26999999999995,212.70999999999995,1379
2026-02-09T18:45:00+00:00,212.70999999999995,213.14999999999995,212.28999999999994,212.76999999999995,1354
2026-02-09T19:00:00+00:00,212.76999999999995,213.50999999999993,212.68999999999994,213.22999999999993,1276
2026-02-09T19:15:00+00:00,213.22999999999993,213.66999999999993,213.01999999999995,213.54999999999995,1210
2026-02-09T19:30:00+00:00,213.54999999999995,213.84999999999994,213.40999999999994,213.72999999999993,1149
2026-02-09T19:45:00+00:00,213.72999999999993,213.85999999999993,213.01999999999995,213.04999999999995,1129
2026-02-09T20:00:00+00:00,213.04999999999995,213.06999999999994,212.02999999999994,212.17999999999995,1127
2026-02-09T20:15:00+00:00,212.17999999999995,213.02999999999994,212.02999999999994,212.48999999999995,1302
2026-02-09T20:30:00+00:00,212.48999999999995,212.53999999999994,211.83999999999995,211.99999999999994,1652
2026-02-09T20:45:00+00:00,211.99999999999994,212.71999999999994,211.98999999999995,212.08999999999995,2446
2026-02-10T14:30:00+00:00,212.08999999999995,215.58999999999995,211.28999999999994,212.96999999999994,3600
2026-02-10T14:45:00+00:00,212.96999999999994,213.30999999999995,210.51999999999995,211.94999999999993,3396
2026-02-10T15:00:00+00:00,211.94999999999993,213.17999999999995,211.16999999999993,211.59999999999994,2422
2026-02-10T15:15:00+00:00,211.59999999999994,212.74999999999994,211.28999999999994,211.83999999999995,2160
2026-02-10T15:30:00+00:00,211.83999999999995,212.35999999999993,211.28999999999994,212.05999999999995,1950
2026-02-10T15:45:00+00:00,212.05999999999995,213.39999999999995,211.76999999999995,212.97999999999993,2288
2026-02-10T16:00:00+00:00,212.97999999999993,214.02999999999994,212.77999999999994,213.84999999999994,2228
2026-02-10T16:15:00+00:00,213.84999999999994,213.95999999999995,212.28999999999994,213.06999999999994,2096
2026-02-10T16:30:00+00:00,213.06999999999994,213.50999999999993,212.28999999999994,212.80999999999995,1703
2026-02-10T16:45:00+00:00,212.80999999999995,213.29999999999995,212.28999999999994,212.40999999999994,1628
2026-02-10T17:00:00+00:00,212.40999999999994,212.57999999999993,211.82999999999993,212.14999999999995,1069
2026-02-10T17:15:00+00:00,212.14999999999995,212.53999999999994,211.41999999999993,211.67999999999995,1169
2026-02-10T17:30:00+00:00,211.67999999999995,211.95999999999995,211.41999999999993,211.62999999999994,956
2026-02-10T17:45:00+00:00,211.62999999999994,212.42999999999995,211.62999999999994,212.21999999999994,958
2026-02-10T18:00:00+00:00,212.21999999999994,212.38999999999993,211.76999999999995,212.02999999999994,1076
2026-02-10T18:15:00+00:00,212.02999999999994,212.10999999999993,210.87999999999994,210.95999999999995,1799
2026-02-10T18:30:00+00:00,210.95999999999995,211.50999999999993,210.36999999999995,211.25999999999993,1343
2026-02-10T18:45:00+00:00,211.25999999999993,211.81999999999994,210.93999999999994,211.59999999999994,1063
2026-02-10T19:00:00+00:00,211.59999999999994,211.82999999999993,211.22999999999993,211.47999999999993,1042
2026-02-10T19:15:00+00:00,211.47999999999993,211.60999999999993,211.16999999999993,211.56999999999994,975
2026-02-10T19:30:00+00:00,211.56999999999994,211.84999999999994,211.16999999999993,211.18999999999994,1025
2026-02-10T19:45:00+00:00,211.18999999999994,211.64999999999995,211.01999999999995,211.39999999999995,860
2026-02-10T20:00:00+00:00,211.39999999999995,211.39999999999995,210.04999999999995,210.38999999999993,1085
2026-02-10T20:15:00+00:00,210.38999999999993,210.75999999999993,209.81999999999994,209.89999999999995,1001
2026-02-10T20:30:00+00:00,209.89999999999995,210.34999999999994,209.75999999999993,209.98999999999995,1215
2026-02-10T20:45:00+00:00,209.98999999999995,210.22999999999993,209.40999999999994,209.94999999999993,2266
2026-02-11T14:30:00+00:00,209.94999999999993,214.44999999999993,209.94999999999993,213.84999999999994,4334
2026-02-11T14:45:00+00:00,213.84999999999994,215.84999999999994,211.61999999999995,211.88999999999993,4758
2026-02-11T15:00:00+00:00,211.88999999999993,212.11999999999995,207.64999999999995,208.82999999999993,3910
2026-02-11T15:15:00+00:00,208.82999999999993,208.91999999999993,205.41999999999993,206.01999999999995,4378
2026-02-11T15:30:00+00:00,206.01999999999995,208.45999999999995,205.85999999999993,208.27999999999994,4571
2026-02-11T15:45:00+00:00,208.27999999999994,211.01999999999995,208.01999999999995,210.53999999999994,4068
2026-02-11T16:00:00+00:00,210.53999999999994,210.96999999999994,208.76999999999995,210.49999999999994,4057
2026-02-11T16:15:00+00:00,210.49999999999994,210.67999999999995,208.78999999999994,208.79999999999995,2683
2026-02-11T16:30:00+00:00,208.79999999999995,209.54999999999995,208.07999999999993,208.68999999999994,2666
2026-02-11T16:45:00+00:00,208.68999999999994,209.03999999999994,207.37999999999994,207.51999999999995,2166
2026-02-11T17:00:00+00:00,207.51999999999995,207.57999999999993,206.02999999999994,206.64999999999995,2739
2026-02-11T17:15:00+00:00,206.64999999999995,207.96999999999994,206.27999999999994,207.57999999999993,2005
2026-02-11T17:30:00+00:00,207.57999999999993,208.48999999999995,207.46999999999994,208.27999999999994,1980
2026-02-11T17:45:00+00:00,208.27999999999994,208.71999999999994,207.37999999999994,207.53999999999994,1551
2026-02-11T18:00:00+00:00,207.53999999999994,207.69999999999993,206.42999999999995,206.61999999999995,1702
2026-02-11T18:15:00+00:00,206.61999999999995,207.58999999999995,206.46999999999994,207.30999999999995,1912
2026-02-11T18:30:00+00:00,207.30999999999995,207.53999999999994,206.77999999999994,207.05999999999995,1441
2026-02-11T18:45:00+00:00,207.05999999999995,207.83999999999995,206.94999999999993,207.37999999999994,1596
2026-02-11T19:00:00+00:00,207.37999999999994,208.34999999999994,207.14999999999995,208.05999999999995,1482
2026-02-11T19:15:00+00:00,208.05999999999995,210.10999999999993,208.04999999999995,209.82999999999993,1791
2026-02-11T19:30:00+00:00,209.82999999999993,210.47999999999993,209.35999999999993,209.94999999999993,1296
2026-02-11T19:45:00+00:00,209.94999999999993,210.11999999999995,209.04999999999995,209.06999999999994,1826
2026-02-11T20:00:00+00:00,209.06999999999994,209.33999999999995,208.84999999999994,209.26999999999995,1338
2026-02-11T20:15:00+00:00,209.26999999999995,209.61999999999995,208.76999999999995,208.77999999999994,1170
2026-02-11T20:30:00+00:00,208.77999999999994,209.93999999999994,208.71999999999994,209.70999999999995,1591
2026-02-11T20:45:00+00:00,209.70999999999995,210.45999999999995,209.43999999999994,209.63999999999993,2620
2026-02-12T14:30:00+00:00,209.63999999999993,214.65999999999994,209.63999999999993,210.27999999999994,3596
2026-02-12T14:45:00+00:00,210.27999999999994,210.54999999999995,207.93999999999994,208.50999999999993,3654
2026-02-12T15:00:00+00:00,208.50999999999993,210.72999999999993,207.89999999999995,210.55999999999995,2961
2026-02-12T15:15:00+00:00,210.55999999999995,210.65999999999994,209.31999999999994,210.10999999999993,2295
2026-02-12T15:30:00+00:00,210.10999999999993,210.35999999999993,207.57999999999993,207.58999999999995,2592
2026-02-12T15:45:00+00:00,207.58999999999995,208.08999999999995,206.34999999999994,206.41999999999993,3071
2026-02-12T16:00:00+00:00,206.41999999999993,207.02999999999994,204.87999999999994,204.92999999999995,3188
2026-02-12T16:15:00+00:00,204.92999999999995,205.22999999999993,202.41999999999993,202.44999999999993,3365
2026-02-12T16:30:00+00:00,202.44999999999993,204.90999999999994,202.12999999999994,204.18999999999994,4647
2026-02-12T16:45:00+00:00,204.18999999999994,204.61999999999995,203.54999999999995,204.09999999999994,3584
2026-02-12T17:00:00+00:00,204.09999999999994,204.44999999999993,203.15999999999994,203.48999999999995,2921
2026-02-12T17:15:00+00:00,203.48999999999995,205.18999999999994,203.02999999999994,203.67999999999995,2851
2026-02-12T17:30:00+00:00,203.67999999999995,205.54999999999995,203.67999999999995,204.62999999999994,2393
2026-02-12T17:45:00+00:00,204.62999999999994,205.24999999999994,203.49999999999994,203.76999999999995,2030
2026-02-12T18:00:00+00:00,203.76999999999995,204.53999999999994,203.12999999999994,203.78999999999994,2524
2026-02-12T18:15:00+00:00,203.78999999999994,204.34999999999994,202.96999999999994,203.65999999999994,2342
2026-02-12T18:30:00+00:00,203.65999999999994,204.72999999999993,203.55999999999995,204.55999999999995,2325
2026-02-12T18:45:00+00:00,204.55999999999995,204.57999999999993,203.33999999999995,203.45999999999995,1999
2026-02-12T19:00:00+00:00,203.45999999999995,204.17999999999995,202.71999999999994,202.98999999999995,1990
2026-02-12T19:15:00+00:00,202.98999999999995,204.09999999999994,202.81999999999994,202.91999999999993,1932
2026-02-12T19:30:00+00:00,202.91999999999993,204.11999999999995,202.91999999999993,203.78999999999994,2104
2026-02-12T19:45:00+00:00,203.78999999999994,204.10999999999993,202.45999999999995,202.66999999999993,2031
2026-02-12T20:00:00+00:00,202.66999999999993,202.91999999999993,201.76999999999995,202.08999999999995,2164
2026-02-12T20:15:00+00:00,202.08999999999995,202.19999999999993,201.59999999999994,201.73999999999995,1896
2026-02-12T20:30:00+00:00,201.73999999999995,203.46999999999994,201.39999999999995,202.84999999999994,1956
2026-02-12T20:45:00+00:00,202.84999999999994,203.05999999999995,201.87999999999994,202.18999999999994,3256
2026-02-13T14:30:00+00:00,202.18999999999994,206.18999999999994,200.22999999999993,203.57999999999993,4463
2026-02-13T14:45:00+00:00,203.57999999999993,205.52999999999994,202.26999999999995,202.56999999999994,4852
2026-02-13T15:00:00+00:00,202.56999999999994,204.50999999999993,202.14999999999995,202.33999999999995,4609
2026-02-13T15:15:00+00:00,202.33999999999995,204.74999999999994,201.96999999999994,204.15999999999994,4413
2026-02-13T15:30:00+00:00,204.15999999999994,205.43999999999994,201.56999999999994,201.57999999999993,3980
2026-02-13T15:45:00+00:00,201.57999999999993,202.37999999999994,200.30999999999995,201.99999999999994,4171
2026-02-13T16:00:00+00:00,201.99999999999994,203.65999999999994,201.42999999999995,202.07999999999993,3147
2026-02-13T16:15:00+00:00,202.07999999999993,203.48999999999995,201.81999999999994,203.32999999999993,3186
2026-02-13T16:30:00+00:00,203.32999999999993,204.06999999999994,202.45999999999995,203.55999999999995,2772
2026-02-13T16:45:00+00:00,203.55999999999995,204.25999999999993,202.88999999999993,203.56999999999994,2097
2026-02-13T17:00:00+00:00,203.56999999999994,204.32999999999993,203.31999999999994,204.25999999999993,1612
2026-02-13T17:15:00+00:00,204.25999999999993,204.78999999999994,203.77999999999994,204.50999999999993,1803
2026-02-13T17:30:00+00:00,204.50999999999993,205.41999999999993,204.32999999999993,204.98999999999995,1579
2026-02-13T17:45:00+00:00,204.98999999999995,205.17999999999995,204.64999999999995,204.90999999999994,1606
2026-02-13T18:00:00+00:00,204.90999999999994,205.35999999999993,204.21999999999994,204.99999999999994,2137
2026-02-13T18:15:00+00:00,204.99999999999994,205.63999999999993,204.58999999999995,204.69999999999993,1735
2026-02-13T18:30:00+00:00,204.69999999999993,205.71999999999994,204.63999999999993,204.76999999999995,1915
2026-02-13T18:45:00+00:00,204.76999999999995,205.42999999999995,204.35999999999993,204.66999999999993,1829
2026-02-13T19:00:00+00:00,204.66999999999993,204.81999999999994,203.91999999999993,204.27999999999994,1256
2026-02-13T19:15:00+00:00,204.27999999999994,204.62999999999994,203.50999999999993,203.70999999999995,1378
2026-02-13T19:30:00+00:00,203.70999999999995,204.34999999999994,203.27999999999994,203.48999999999995,1799
2026-02-13T19:45:00+00:00,203.48999999999995,204.00999999999993,202.87999999999994,203.04999999999995,1806
2026-02-13T20:00:00+00:00,203.04999999999995,204.09999999999994,203.04999999999995,203.28999999999994,1703
2026-02-13T20:15:00+00:00,203.28999999999994,204.04999999999995,202.76999999999995,203.26999999999995,2172
2026-02-13T20:30:00+00:00,203.26999999999995,203.53999999999994,202.93999999999994,203.16999999999993,2229
2026-02-13T20:45:00+00:00,203.16999999999993,203.95999999999995,202.82999999999993,203.61999999999995,3442
2026-02-17T14:30:00+00:00,203.61999999999995,203.61999999999995,197.06999999999994,197.96999999999994,1353
2026-02-17T14:45:00+00:00,197.96999999999994,197.97999999999993,192.38999999999993,192.38999999999993,1534
2026-02-17T15:00:00+00:00,192.38999999999993,193.98999999999995,191.09999999999994,193.62999999999994,1724
2026-02-17T15:15:00+00:00,193.62999999999994,195.28999999999994,192.87999999999994,193.12999999999994,1594
2026-02-17T15:30:00+00:00,193.12999999999994,193.52999999999994,192.22999999999993,193.50999999999993,1539
2026-02-17T15:45:00+00:00,193.50999999999993,196.28999999999994,193.36999999999995,196.28999999999994,1799
2026-02-17T16:00:00+00:00,196.28999999999994,199.07999999999993,196.17999999999995,198.85999999999993,1798
2026-02-17T16:15:00+00:00,198.85999999999993,198.94999999999993,197.99999999999994,198.24999999999994,1895
2026-02-17T16:30:00+00:00,198.24999999999994,199.57999999999993,197.90999999999994,199.14999999999995,1564
2026-02-17T16:45:00+00:00,199.14999999999995,199.78999999999994,198.67999999999995,199.31999999999994,1593
2026-02-17T17:00:00+00:00,199.31999999999994,199.43999999999994,198.05999999999995,198.22999999999993,1733
2026-02-17T17:15:00+00:00,198.22999999999993,199.06999999999994,197.81999999999994,199.06999999999994,1461
2026-02-17T17:30:00+00:00,199.06999999999994,199.08999999999995,197.86999999999995,197.94999999999993,1568
2026-02-17T17:45:00+00:00,197.94999999999993,198.81999999999994,197.51999999999995,198.72999999999993,1629
2026-02-17T18:00:00+00:00,198.72999999999993,198.85999999999993,197.98999999999995,198.43999999999994,1553
2026-02-17T18:15:00+00:00,198.43999999999994,199.96999999999994,198.11999999999995,199.60999999999993,1575
2026-02-17T18:30:00+00:00,199.60999999999993,200.54999999999995,199.30999999999995,200.23999999999995,1460
2026-02-17T18:45:00+00:00,200.23999999999995,200.51999999999995,199.64999999999995,200.11999999999995,1356
2026-02-17T19:00:00+00:00,200.11999999999995,200.50999999999993,199.88999999999993,200.28999999999994,1363
2026-02-17T19:15:00+00:00,200.28999999999994,200.56999999999994,199.85999999999993,199.99999999999994,1350
2026-02-17T19:30:00+00:00,199.99999999999994,201.19999999999993,199.89999999999995,200.81999999999994,1199
2026-02-17T19:45:00+00:00,200.81999999999994,200.89999999999995,199.86999999999995,199.96999999999994,1265
2026-02-17T20:00:00+00:00,199.96999999999994,200.50999999999993,199.67999999999995,199.87999999999994,1222
2026-02-17T20:15:00+00:00,199.87999999999994,199.91999999999993,198.73999999999995,198.76999999999995,1283
2026-02-17T20:30:00+00:00,198.76999999999995,199.17999999999995,198.26999999999995,199.06999999999994,1388
2026-02-17T20:45:00+00:00,199.06999999999994,199.62999999999994,198.68999999999994,199.43999999999994,1603
2026-02-18T14:30:00+00:00,199.43999999999994,199.43999999999994,191.36999999999995,192.98999999999995,3710
2026-02-18T14:45:00+00:00,192.98999999999995,195.41999999999993,192.57999999999993,194.40999999999994,3276
2026-02-18T15:00:00+00:00,194.40999999999994,196.44999999999993,193.85999999999993,196.41999999999993,2763
2026-02-18T15:15:00+00:00,196.41999999999993,197.57999999999993,196.09999999999994,196.41999999999993,2229
2026-02-18T15:30:00+00:00,196.41999999999993,197.20999999999995,195.37999999999994,197.12999999999994,2492
2026-02-18T15:45:00+00:00,197.12999999999994,198.50999999999993,196.97999999999993,197.90999999999994,2237
2026-02-18T16:00:00+00:00,197.90999999999994,198.29999999999995,197.52999999999994,197.84999999999994,1761
2026-02-18T16:15:00+00:00,197.84999999999994,198.69999999999993,197.70999999999995,198.47999999999993,1686
2026-02-18T16:30:00+00:00,198.47999999999993,199.06999999999994,198.27999999999994,198.91999999999996,1515
2026-02-18T16:45:00+00:00,198.91999999999996,199.14999999999995,198.03999999999996,198.04999999999995,1658
2026-02-18T17:00:00+00:00,198.04999999999995,199.01999999999995,197.99999999999994,198.34999999999994,1450
2026-02-18T17:15:00+00:00,198.34999999999994,199.34999999999994,198.21999999999994,198.69999999999996,1263
2026-02-18T17:30:00+00:00,198.69999999999996,198.98999999999995,198.43999999999994,198.59999999999994,1280
2026-02-18T17:45:00+00:00,198.59999999999994,198.96999999999994,198.44999999999996,198.81999999999994,1089
2026-02-18T18:00:00+00:00,198.81999999999994,199.43999999999994,198.54999999999995,198.77999999999994,1017
2026-02-18T18:15:00+00:00,198.77999999999994,198.93999999999994,198.10999999999996,198.36999999999995,1272
2026-02-18T18:30:00+00:00,198.36999999999995,198.50999999999996,197.40999999999994,197.70999999999995,1587
2026-02-18T18:45:00+00:00,197.70999999999995,198.09999999999994,197.23999999999995,197.76999999999995,1690
2026-02-18T19:00:00+00:00,197.76999999999995,197.90999999999994,196.82999999999996,197.06999999999994,1543
2026-02-18T19:15:00+00:00,197.06999999999994,197.23999999999995,196.41999999999996,196.54999999999995,1632
2026-02-18T19:30:00+00:00,196.54999999999995,196.63999999999996,195.18999999999994,195.41999999999996,2198
2026-02-18T19:45:00+00:00,195.41999999999996,195.82999999999996,193.83999999999995,194.07999999999996,1986
2026-02-18T20:00:00+00:00,194.07999999999996,194.86999999999995,193.67999999999995,193.87999999999994,2129
2026-02-18T20:15:00+00:00,193.87999999999994,194.42999999999995,193.61999999999995,194.17999999999995,1873
2026-02-18T20:30:00+00:00,194.17999999999995,195.50999999999996,194.09999999999994,195.39999999999995,1609
2026-02-18T20:45:00+00:00,195.39999999999995,196.65999999999994,195.18999999999994,196.43999999999994,2121
2026-02-19T14:30:00+00:00,196.43999999999994,197.62999999999994,195.32999999999996,195.92999999999995,1322
2026-02-19T14:45:00+00:00,195.92999999999995,199.04999999999993,194.54999999999995,198.06999999999994,1230
2026-02-19T15:00:00+00:00,198.06999999999994,199.53999999999994,197.43999999999994,197.88999999999993,996
2026-02-19T15:15:00+00:00,197.88999999999993,198.79999999999993,197.25999999999993,198.08999999999995,974
2026-02-19T15:30:00+00:00,198.08999999999995,200.17999999999995,198.04999999999993,200.04999999999993,1249
2026-02-19T15:45:00+00:00,200.04999999999993,200.32999999999993,197.98999999999995,198.44999999999993,1452
2026-02-19T16:00:00+00:00,198.44999999999993,199.05999999999995,197.61999999999995,197.79999999999995,1101
2026-02-19T16:15:00+00:00,197.79999999999995,198.78999999999994,197.06999999999994,197.26999999999995,1287
2026-02-19T16:30:00+00:00,197.26999999999995,198.32999999999996,197.23999999999995,197.72999999999996,1576
2026-02-19T16:45:00+00:00,197.72999999999996,198.25999999999996,197.02999999999994,197.86999999999995,1521
2026-02-19T17:00:00+00:00,197.86999999999995,198.05999999999995,197.34999999999994,197.72999999999996,1210
2026-02-19T17:15:00+00:00,197.72999999999996,198.14999999999995,197.27999999999994,197.66999999999996,1277
2026-02-19T17:30:00+00:00,197.66999999999996,197.83999999999995,197.18999999999994,197.20999999999995,1053
2026-02-19T17:45:00+00:00,197.20999999999995,197.22999999999996,196.09999999999994,196.35999999999996,1539
2026-02-19T18:00:00+00:00,196.35999999999996,197.98999999999995,196.22999999999996,197.90999999999994,1388
2026-02-19T18:15:00+00:00,197.90999999999994,197.91999999999996,196.55999999999995,196.93999999999994,1299
2026-02-19T18:30:00+00:00,196.93999999999994,197.08999999999995,196.68999999999994,196.90999999999994,999
2026-02-19T18:45:00+00:00,196.90999999999994,197.76999999999995,196.90999999999994,197.76999999999995,1038
2026-02-19T19:00:00+00:00,197.76999999999995,197.90999999999994,197.17999999999995,197.90999999999994,1176
2026-02-19T19:15:00+00:00,197.90999999999994,199.04999999999995,197.75999999999996,198.66999999999996,1042
2026-02-19T19:30:00+00:00,198.66999999999996,199.21999999999994,198.10999999999996,198.49999999999994,1494
2026-02-19T19:45:00+00:00,198.49999999999994,199.01999999999995,197.95999999999995,198.60999999999996,1182
2026-02-19T20:00:00+00:00,198.60999999999996,199.37999999999994,198.50999999999996,198.52999999999994,1101
2026-02-19T20:15:00+00:00,198.52999999999994,198.73999999999995,198.15999999999994,198.26999999999995,1207
2026-02-19T20:30:00+00:00,198.26999999999995,198.79999999999995,198.13999999999996,198.42999999999995,1042
2026-02-19T20:45:00+00:00,198.42999999999995,199.71999999999994,198.38999999999996,199.60999999999996,1117
2026-02-20T14:30:00+00:00,199.60999999999996,199.68999999999994,196.22999999999996,198.80999999999995,965
2026-02-20T14:45:00+00:00,198.80999999999995,199.21999999999994,195.44999999999996,196.53999999999996,1158
2026-02-20T15:00:00+00:00,196.53999999999996,199.23999999999995,196.41999999999996,198.26999999999995,1053
2026-02-20T15:15:00+00:00,198.26999999999995,199.42999999999995,196.90999999999997,198.33999999999997,1085
2026-02-20T15:30:00+00:00,198.33999999999997,199.10999999999996,197.40999999999997,199.04999999999995,1252
2026-02-20T15:45:00+00:00,199.04999999999995,200.84999999999997,198.85999999999996,200.74999999999997,1376
2026-02-20T16:00:00+00:00,200.74999999999997,201.16999999999996,199.46999999999997,199.46999999999997,1262
2026-02-20T16:15:00+00:00,199.46999999999997,199.56999999999996,198.07999999999998,198.08999999999997,1448
2026-02-20T16:30:00+00:00,198.08999999999997,198.90999999999997,197.98,198.39,1521
2026-02-20T16:45:00+00:00,198.39,198.99999999999997,198.30999999999997,198.46999999999997,1256
2026-02-20T17:00:00+00:00,198.46999999999997,198.64999999999998,197.51999999999998,197.68999999999997,1284
2026-02-20T17:15:00+00:00,197.68999999999997,197.68999999999997,195.27999999999997,195.51,1626
2026-02-20T17:30:00+00:00,195.51,196.26,195.01,195.26999999999998,1500
2026-02-20T17:45:00+00:00,195.26999999999998,196.11999999999998,194.80999999999997,195.81999999999996,1364
2026-02-20T18:00:00+00:00,195.81999999999996,196.27999999999997,195.40999999999997,195.98999999999998,1234
2026-02-20T18:15:00+00:00,195.98999999999998,196.01,194.90999999999997,195.36999999999998,1271
2026-02-20T18:30:00+00:00,195.36999999999998,197.21999999999997,194.93999999999997,197.14999999999998,1439
2026-02-20T18:45:00+00:00,197.14999999999998,198.05999999999997,196.84999999999997,197.57999999999998,1524
2026-02-20T19:00:00+00:00,197.57999999999998,197.73,196.68999999999997,196.7,1189
2026-02-20T19:15:00+00:00,196.7,197.04,196.10999999999999,196.29999999999998,1187
2026-02-20T19:30:00+00:00,196.29999999999998,196.74999999999997,195.39999999999998,195.59999999999997,956
2026-02-20T19:45:00+00:00,195.59999999999997,196.33999999999997,195.45999999999998,195.48999999999998,1080
2026-02-20T20:00:00+00:00,195.48999999999998,196.26,195.45999999999998,196.23,1303
2026-02-20T20:15:00+00:00,196.23,196.32999999999998,195.86999999999998,196.04,928
2026-02-20T20:30:00+00:00,196.04,196.29,195.76999999999998,196.21999999999997,903
2026-02-20T20:45:00+00:00,196.21999999999997,196.51,195.54,196.51,1294
2026-02-23T14:30:00+00:00,196.51,196.51,190.51,193.53,1027
2026-02-23T14:45:00+00:00,193.53,195.69,193.17999999999998,194.23999999999998,1169
2026-02-23T15:00:00+00:00,194.23999999999998,195.04,193.38,194.35999999999999,1070
2026-02-23T15:15:00+00:00,194.35999999999999,195.29,194.13,194.29999999999998,1012
2026-02-23T15:30:00+00:00,194.29999999999998,194.63,193.04,193.20999999999998,1404
2026-02-23T15:45:00+00:00,193.20999999999998,193.66,191.76999999999998,191.88,1298
2026-02-23T16:00:00+00:00,191.88,192.12,191.23,191.87,1442
2026-02-23T16:15:00+00:00,191.87,193.09,191.64,192.98,1487
2026-02-23T16:30:00+00:00,192.98,193.37,192.19,192.9,1469
2026-02-23T16:45:00+00:00,192.9,192.92999999999998,192.07999999999998,192.15,1372
2026-02-23T17:00:00+00:00,192.15,192.69,191.91,192.35,1349
2026-02-23T17:15:00+00:00,192.35,193.31,192.32,192.9,964
2026-02-23T17:30:00+00:00,192.9,192.95999999999998,191.03,191.63,1191
2026-02-23T17:45:00+00:00,191.63,192.15,191.42,191.92999999999998,1099
2026-02-23T18:00:00+00:00,191.92999999999998,192.56,191.85999999999999,192.47,1094
2026-02-23T18:15:00+00:00,192.47,193.17,192.42,192.98,1079
2026-02-23T18:30:00+00:00,192.98,193.01,191.42,191.48999999999998,1069
2026-02-23T18:45:00+00:00,191.48999999999998,192,191.26,191.35999999999999,1491
2026-02-23T19:00:00+00:00,191.35999999999999,192.17999999999998,191.26999999999998,191.85,1344
2026-02-23T19:15:00+00:00,191.85,192.2,191.47,191.6,1249
2026-02-23T19:30:00+00:00,191.6,191.94,191.39,191.59,1379
2026-02-23T19:45:00+00:00,191.59,191.89,191.17,191.29,1635
2026-02-23T20:00:00+00:00,191.29,191.44,190.88,191,1508
2026-02-23T20:15:00+00:00,191,191.38,190.98,191.28,914
2026-02-23T20:30:00+00:00,191.28,191.98999999999998,191.23,191.54999999999998,1033
2026-02-23T20:45:00+00:00,191.54999999999998,193.22,191.41,193.01,1593
2026-02-24T14:30:00+00:00,193.01,209.7,193.01,204.01999999999998,3437
2026-02-24T14:45:00+00:00,204.01999999999998,207.9,203.16,207.66,3637
2026-02-24T15:00:00+00:00,207.66,207.69,205.29,206.4,4349
2026-02-24T15:15:00+00:00,206.4,209.07999999999998,205.76999999999998,208.76999999999998,3821
2026-02-24T15:30:00+00:00,208.76999999999998,209.09,205.37,205.48,4307
2026-02-24T15:45:00+00:00,205.48,207.42999999999998,205.41,206.27,3736.926689576174
2026-02-24T16:00:00+00:00,206.27,207.68,206.10000000000002,207.08,3367
2026-02-24T16:15:00+00:00,207.08,208.13000000000002,206.76000000000002,207.36,3124
2026-02-24T16:30:00+00:00,207.36,207.51000000000002,205.98000000000002,207.20000000000002,3107
2026-02-24T16:45:00+00:00,207.20000000000002,209.31,207.04000000000002,209.21,3064
2026-02-24T17:00:00+00:00,209.21,210.88000000000002,208.96,210.19,3334
2026-02-24T17:15:00+00:00,210.19,211.26000000000002,210.18,210.75,2910
2026-02-24T17:30:00+00:00,210.75,211.92000000000002,210.65,211.91,2657
2026-02-24T17:45:00+00:00,211.91,212.69,211.35000000000002,212.37,2762
2026-02-24T18:00:00+00:00,212.37,213.04000000000002,212.29000000000002,212.47,2427
2026-02-24T18:15:00+00:00,212.47,212.81,211.87,212.53,2704
2026-02-24T18:30:00+00:00,212.53,212.84,210.87,210.88000000000002,2566
2026-02-24T18:45:00+00:00,210.88000000000002,211.77,210.49,211.64000000000001,3077
2026-02-24T19:00:00+00:00,211.64000000000001,211.92000000000002,210.21,210.29000000000002,3029
2026-02-24T19:15:00+00:00,210.29000000000002,210.64000000000001,209.69,209.8,3094
2026-02-24T19:30:00+00:00,209.8,210.52,209.76000000000002,210.28,2615
2026-02-24T19:45:00+00:00,210.28,211.22,209.85000000000002,211.13000000000002,2681
2026-02-24T20:00:00+00:00,211.13000000000002,211.34,209.55,210.02,2670
2026-02-24T20:15:00+00:00,210.02,210.21,208.70000000000002,209.38000000000002,2589
2026-02-24T20:30:00+00:00,209.38000000000002,210.70000000000002,209.3,210.56,2559
2026-02-24T20:45:00+00:00,210.56,210.77,209.58,210.14000000000001,3603
2026-02-25T14:30:00+00:00,210.14000000000001,212.17000000000002,206.16000000000003,207.49000000000004,4475
2026-02-25T14:45:00+00:00,207.49000000000004,209.70000000000002,206.69000000000003,207.98000000000002,3864
2026-02-25T15:00:00+00:00,207.98000000000002,209.65000000000003,207.68000000000004,208.86000000000004,3443
2026-02-25T15:15:00+00:00,208.86000000000004,209.76000000000002,208.42000000000002,209.45000000000002,3165
2026-02-25T15:30:00+00:00,209.45000000000002,209.81000000000003,208.13000000000002,208.44000000000003,3703
2026-02-25T15:45:00+00:00,208.44000000000003,208.44000000000003,206.58000000000004,207.23000000000002,3816
2026-02-25T16:00:00+00:00,207.23000000000002,207.9,206.95000000000002,207.28000000000003,3633
2026-02-25T16:15:00+00:00,207.28000000000003,208.14000000000001,206.79000000000002,207.86,3097
2026-02-25T16:30:00+00:00,207.86,209.83,207.84000000000003,209.57000000000002,3067
2026-02-25T16:45:00+00:00,209.57000000000002,209.81000000000003,207.09000000000003,207.76000000000002,3050
2026-02-25T17:00:00+00:00,207.76000000000002,208.26000000000002,207.54000000000002,208.25000000000003,2599
2026-02-25T17:15:00+00:00,208.25000000000003,208.68000000000004,208.09000000000003,208.62000000000003,2130
2026-02-25T17:30:00+00:00,208.62000000000003,208.87000000000003,208.15000000000003,208.58000000000004,2170
2026-02-25T17:45:00+00:00,208.58000000000004,208.83000000000004,208.12000000000003,208.35000000000002,1768
2026-02-25T18:00:00+00:00,208.35000000000002,208.42000000000002,207.96000000000004,208.22000000000003,1585
2026-02-25T18:15:00+00:00,208.22000000000003,208.57000000000002,207.79000000000002,208.24000000000004,1931
2026-02-25T18:30:00+00:00,208.24000000000004,209.56000000000003,208.05000000000004,209.33000000000004,1975
2026-02-25T18:45:00+00:00,209.33000000000004,209.47000000000003,208.38000000000002,208.43000000000004,1966
2026-02-25T19:00:00+00:00,208.43000000000004,208.92000000000002,208.13000000000002,208.60000000000002,2032
2026-02-25T19:15:00+00:00,208.60000000000002,208.98000000000002,207.88000000000002,207.94000000000003,2006
2026-02-25T19:30:00+00:00,207.94000000000003,207.99000000000004,207.26000000000002,207.48000000000002,1970
2026-02-25T19:45:00+00:00,207.48000000000002,207.54000000000002,206.96000000000004,207.07000000000002,1912
2026-02-25T20:00:00+00:00,207.07000000000002,207.62000000000003,206.63000000000002,207.47000000000003,2019
2026-02-25T20:15:00+00:00,207.47000000000003,207.68000000000004,206.85000000000002,207.03000000000003,2911
2026-02-25T20:30:00+00:00,207.03000000000003,207.37000000000003,206.47000000000003,206.85000000000002,2579
2026-02-25T20:45:00+00:00,206.85000000000002,207.20000000000002,206.24000000000004,206.70000000000002,3190
2026-02-26T14:30:00+00:00,206.70000000000002,206.70000000000002,200.09000000000003,201.66000000000003,1249
2026-02-26T14:45:00+00:00,201.66000000000003,202.64000000000004,200.60000000000002,201.70000000000002,2562
2026-02-26T15:00:00+00:00,201.70000000000002,203.67000000000004,201.31000000000003,201.31000000000003,3951
2026-02-26T15:15:00+00:00,201.31000000000003,201.37000000000003,197.77000000000004,198.44000000000003,5075
2026-02-26T15:30:00+00:00,198.44000000000003,200.66000000000003,197.75000000000003,200.52000000000004,5409
2026-02-26T15:45:00+00:00,200.52000000000004,200.70000000000002,198.19000000000003,198.27000000000004,4724
2026-02-26T16:00:00+00:00,198.27000000000004,199.38000000000002,198.27000000000004,198.69000000000003,4744
2026-02-26T16:15:00+00:00,198.69000000000003,199.81000000000003,198.61000000000004,199.3,3984
2026-02-26T16:30:00+00:00,199.3,199.73000000000002,198.50000000000003,198.58,4371
2026-02-26T16:45:00+00:00,198.58,199.10000000000002,197.8,198.09000000000003,4525
2026-02-26T17:00:00+00:00,198.09000000000003,198.86,198.05,198.06000000000003,4164
2026-02-26T17:15:00+00:00,198.06000000000003,198.59000000000003,198.06000000000003,198.3,3500
2026-02-26T17:30:00+00:00,198.3,199.20000000000002,198.06000000000003,198.13000000000002,3307
2026-02-26T17:45:00+00:00,198.13000000000002,198.23000000000002,197.50000000000003,197.90000000000003,3205
2026-02-26T18:00:00+00:00,197.90000000000003,198.08,197.36,197.68000000000004,3619
2026-02-26T18:15:00+00:00,197.68000000000004,198.43000000000004,197.37000000000003,198.24,3217
2026-02-26T18:30:00+00:00,198.24,199.71,198.19000000000003,199.33,4031
2026-02-26T18:45:00+00:00,199.33,199.70000000000002,198.88000000000002,199.02000000000007,3428.9950609034768
2026-02-26T19:00:00+00:00,199.02000000000007,200.12000000000006,198.94000000000005,199.76000000000005,3282.43021581953
2026-02-26T19:15:00+00:00,199.76000000000005,199.92000000000007,199.04000000000005,199.09000000000006,3622.964521939959
2026-02-26T19:30:00+00:00,199.09000000000006,199.12000000000006,198.55000000000007,198.94000000000008,2477.4572282320482
2026-02-26T19:45:00+00:00,198.94000000000008,199.68000000000006,198.86000000000004,198.89000000000004,2393.6054374823248
2026-02-26T20:00:00+00:00,198.89000000000004,199.32000000000002,198.41000000000008,198.41000000000008,3540.5641131878683
2026-02-26T20:15:00+00:00,198.41000000000008,198.5500000000001,197.0500000000001,197.0900000000001,2948.8924867697574
2026-02-26T20:30:00+00:00,197.0900000000001,198.3100000000001,197.0600000000001,198.2000000000001,3320
2026-02-26T20:45:00+00:00,198.2000000000001,198.4100000000001,197.6600000000001,198.3800000000001,3563
2026-02-27T14:30:00+00:00,198.3800000000001,198.3800000000001,192.6300000000001,194.1600000000001,4256
2026-02-27T14:45:00+00:00,194.1600000000001,195.75000000000009,193.6500000000001,194.44000000000008,4287
2026-02-27T15:00:00+00:00,194.44000000000008,196.4800000000001,194.1500000000001,195.6600000000001,4225
2026-02-27T15:15:00+00:00,195.6600000000001,196.0100000000001,194.75000000000009,195.3600000000001,3485
2026-02-27T15:30:00+00:00,195.3600000000001,195.47000000000008,194.2600000000001,195.2100000000001,4662
2026-02-27T15:45:00+00:00,195.2100000000001,195.6500000000001,194.4200000000001,195.3300000000001,4234.0690178232835
2026-02-27T16:00:00+00:00,195.3300000000001,195.7400000000001,194.5400000000001,194.9800000000001,4682
2026-02-27T16:15:00+00:00,194.9800000000001,195.6300000000001,194.7300000000001,194.9900000000001,4418
2026-02-27T16:30:00+00:00,194.9900000000001,195.3900000000001,194.1400000000001,194.2100000000001,3829
2026-02-27T16:45:00+00:00,194.2100000000001,195.0700000000001,193.9700000000001,194.5400000000001,4389
2026-02-27T17:00:00+00:00,194.5400000000001,195.53000000000011,194.1300000000001,194.2100000000001,3386
2026-02-27T17:15:00+00:00,194.2100000000001,194.6600000000001,193.5200000000001,194.03000000000011,4220
2026-02-27T17:30:00+00:00,194.03000000000011,194.4900000000001,193.56000000000012,193.7200000000001,4130
2026-02-27T17:45:00+00:00,193.7200000000001,194.03000000000011,193.4700000000001,193.9800000000001,3433
2026-02-27T18:00:00+00:00,193.9800000000001,194.1000000000001,193.4200000000001,193.4300000000001,3048
2026-02-27T18:15:00+00:00,193.4300000000001,193.4900000000001,192.62000000000012,192.9600000000001,3707
2026-02-27T18:30:00+00:00,192.9600000000001,193.0500000000001,192.5500000000001,192.5700000000001,3454
2026-02-27T18:45:00+00:00,192.5700000000001,192.7000000000001,192.3500000000001,192.5100000000001,3095
2026-02-27T19:00:00+00:00,192.5100000000001,193.15000000000012,192.3900000000001,192.6000000000001,3235
2026-02-27T19:15:00+00:00,192.6000000000001,192.9200000000001,192.5800000000001,192.78000000000011,2841
2026-02-27T19:30:00+00:00,192.78000000000011,193.03000000000011,192.53000000000011,192.7100000000001,3333
2026-02-27T19:45:00+00:00,192.7100000000001,193.5400000000001,192.5800000000001,193.4100000000001,3038
2026-02-27T20:00:00+00:00,193.4100000000001,194.0100000000001,193.2000000000001,193.9300000000001,3332
2026-02-27T20:15:00+00:00,193.9300000000001,194.5400000000001,193.87000000000012,194.06000000000012,3717
2026-02-27T20:30:00+00:00,194.06000000000012,194.4200000000001,193.7900000000001,193.9300000000001,4149
2026-02-27T20:45:00+00:00,193.9300000000001,195.2100000000001,193.9200000000001,194.9300000000001,4529
2026-03-02T14:30:00+00:00,194.9300000000001,196.6800000000001,191.4200000000001,195.1700000000001,3952
2026-03-02T14:45:00+00:00,195.1700000000001,196.6200000000001,194.5300000000001,194.94000000000008,3183
2026-03-02T15:00:00+00:00,194.94000000000008,197.4500000000001,194.1200000000001,196.5500000000001,2988
2026-03-02T15:15:00+00:00,196.5500000000001,196.66000000000008,194.73000000000008,195.0500000000001,2815
2026-03-02T15:30:00+00:00,195.0500000000001,196.6500000000001,194.57000000000008,196.29000000000008,4325
2026-03-02T15:45:00+00:00,196.29000000000008,196.8700000000001,195.6700000000001,196.0300000000001,3586
2026-03-02T16:00:00+00:00,196.0300000000001,196.7400000000001,195.4900000000001,196.26000000000008,3142
2026-03-02T16:15:00+00:00,196.26000000000008,196.51000000000008,195.6500000000001,196.4500000000001,3028
2026-03-02T16:30:00+00:00,196.4500000000001,198.4900000000001,196.29000000000008,198.4900000000001,3286
2026-03-02T16:45:00+00:00,198.4900000000001,198.7100000000001,197.73000000000008,198.3700000000001,3052
2026-03-02T17:00:00+00:00,198.3700000000001,198.7400000000001,197.6800000000001,198.60000000000008,2793
2026-03-02T17:15:00+00:00,198.60000000000008,199.4900000000001,198.5900000000001,199.1400000000001,2696
2026-03-02T17:30:00+00:00,199.1400000000001,199.3400000000001,198.57000000000008,198.76000000000008,2531
2026-03-02T17:45:00+00:00,198.76000000000008,199.23000000000008,198.5200000000001,198.69000000000008,1998
2026-03-02T18:00:00+00:00,198.69000000000008,198.8300000000001,197.8600000000001,198.04000000000008,1867
2026-03-02T18:15:00+00:00,198.04000000000008,198.44000000000008,197.73000000000008,198.1800000000001,1907
2026-03-02T18:30:00+00:00,198.1800000000001,198.47000000000008,197.8400000000001,198.44000000000008,1956
2026-03-02T18:45:00+00:00,198.44000000000008,198.44000000000008,197.72000000000008,197.8300000000001,2175
2026-03-02T19:00:00+00:00,197.8300000000001,198.2700000000001,197.47000000000008,198.0200000000001,2154
2026-03-02T19:15:00+00:00,198.0200000000001,198.85000000000008,198.00000000000009,198.60000000000008,2299
2026-03-02T19:30:00+00:00,198.60000000000008,199.5500000000001,198.5800000000001,199.4000000000001,2114
2026-03-02T19:45:00+00:00,199.4000000000001,199.76000000000008,199.2100000000001,199.48000000000008,1972
2026-03-02T20:00:00+00:00,199.48000000000008,199.5900000000001,198.0300000000001,198.3000000000001,4378
2026-03-02T20:15:00+00:00,198.3000000000001,198.94000000000008,197.9200000000001,198.2100000000001,3992
2026-03-02T20:30:00+00:00,198.2100000000001,199.2400000000001,198.1200000000001,199.22000000000008,3520
2026-03-02T20:45:00+00:00,199.22000000000008,200.1400000000001,199.1100000000001,200.0500000000001,3862
2026-03-03T14:30:00+00:00,200.0500000000001,200.0500000000001,191.5600000000001,191.94000000000008,4815
2026-03-03T14:45:00+00:00,191.94000000000008,193.1200000000001,191.44000000000008,191.69000000000008,4262
2026-03-03T15:00:00+00:00,191.69000000000008,192.5500000000001,191.26000000000008,192.23000000000008,4480
2026-03-03T15:15:00+00:00,192.23000000000008,192.3900000000001,189.94000000000008,190.0500000000001,3867
2026-03-03T15:30:00+00:00,190.0500000000001,191.5800000000001,190.0300000000001,190.75000000000009,5585
2026-03-03T15:45:00+00:00,190.75000000000009,191.41000000000008,189.6400000000001,190.69000000000008,4978
2026-03-03T16:00:00+00:00,190.69000000000008,192.6500000000001,190.54000000000008,191.5200000000001,5192
2026-03-03T16:15:00+00:00,191.5200000000001,192.69000000000008,191.5200000000001,192.4200000000001,4596
2026-03-03T16:30:00+00:00,192.4200000000001,192.4200000000001,191.57000000000008,192.13000000000008,4923
2026-03-03T16:45:00+00:00,192.13000000000008,193.0900000000001,192.01000000000008,192.3300000000001,4652
2026-03-03T17:00:00+00:00,192.3300000000001,192.75000000000009,191.72000000000008,192.1700000000001,3290
2026-03-03T17:15:00+00:00,192.1700000000001,193.0300000000001,191.9300000000001,192.8300000000001,3477
2026-03-03T17:30:00+00:00,192.8300000000001,193.4900000000001,191.51000000000008,193.2400000000001,4701
2026-03-03T17:45:00+00:00,193.2400000000001,193.2400000000001,192.0300000000001,192.26000000000008,4251
2026-03-03T18:00:00+00:00,192.26000000000008,193.0600000000001,192.26000000000008,192.9600000000001,3953
2026-03-03T18:15:00+00:00,192.9600000000001,193.6200000000001,192.7100000000001,192.8600000000001,4026
2026-03-03T18:30:00+00:00,192.8600000000001,193.8100000000001,192.7400000000001,193.35000000000008,4466
2026-03-03T18:45:00+00:00,193.35000000000008,193.69000000000008,192.88000000000008,193.3600000000001,4193
2026-03-03T19:00:00+00:00,193.3600000000001,193.57000000000008,192.4300000000001,192.85000000000008,3991
2026-03-03T19:15:00+00:00,192.85000000000008,193.3900000000001,192.6400000000001,192.72000000000008,5023
2026-03-03T19:30:00+00:00,192.72000000000008,193.88000000000008,192.22000000000008,193.1700000000001,6464
2026-03-03T19:45:00+00:00,193.1700000000001,193.98000000000008,192.5600000000001,193.0500000000001,5195
2026-03-03T20:00:00+00:00,193.0500000000001,193.63000000000008,192.2100000000001,192.22000000000008,5001
2026-03-03T20:15:00+00:00,192.22000000000008,192.79000000000008,192.00000000000009,192.66000000000008,4880
2026-03-03T20:30:00+00:00,192.66000000000008,193.1100000000001,192.50000000000009,192.7100000000001,5031
2026-03-03T20:45:00+00:00,192.7100000000001,192.7800000000001,191.9200000000001,192.38000000000008,4945
2026-03-04T14:30:00+00:00,192.38000000000008,194.9500000000001,191.32000000000008,194.0300000000001,3448
2026-03-04T14:45:00+00:00,194.0300000000001,196.72000000000008,193.8000000000001,196.41000000000008,3629
2026-03-04T15:00:00+00:00,196.41000000000008,198.2400000000001,196.41000000000008,197.57000000000008,3666
2026-03-04T15:15:00+00:00,197.57000000000008,198.38000000000008,197.4900000000001,197.66000000000008,2422
2026-03-04T15:30:00+00:00,197.66000000000008,199.0800000000001,197.5800000000001,198.32000000000008,5266
2026-03-04T15:45:00+00:00,198.32000000000008,199.94000000000008,197.82000000000008,199.5800000000001,5819
2026-03-04T16:00:00+00:00,199.5800000000001,199.69000000000008,198.00000000000009,198.47000000000008,5005
2026-03-04T16:15:00+00:00,198.47000000000008,199.7400000000001,197.98000000000008,199.23000000000008,5706
2026-03-04T16:30:00+00:00,199.23000000000008,199.66000000000008,198.5900000000001,199.32000000000008,4211
2026-03-04T16:45:00+00:00,199.32000000000008,200.3700000000001,199.1700000000001,200.3300000000001,3504
2026-03-04T17:00:00+00:00,200.3300000000001,201.2400000000001,200.26000000000008,200.94000000000008,3596
2026-03-04T17:15:00+00:00,200.94000000000008,201.66000000000008,200.8000000000001,201.60000000000008,3640
2026-03-04T17:30:00+00:00,201.60000000000008,202.10000000000008,200.8600000000001,201.8000000000001,4498
2026-03-04T17:45:00+00:00,201.8000000000001,202.79000000000008,201.6800000000001,202.51000000000008,3468
2026-03-04T18:00:00+00:00,202.51000000000008,202.6800000000001,201.8300000000001,202.4300000000001,3209
2026-03-04T18:15:00+00:00,202.4300000000001,202.8900000000001,202.1100000000001,202.69000000000008,3564
2026-03-04T18:30:00+00:00,202.69000000000008,203.25000000000009,202.54000000000008,203.0600000000001,3293
2026-03-04T18:45:00+00:00,203.0600000000001,203.8600000000001,202.9000000000001,203.2700000000001,2877
2026-03-04T19:00:00+00:00,203.2700000000001,203.50000000000009,202.91000000000008,203.38000000000008,2703
2026-03-04T19:15:00+00:00,203.38000000000008,203.44000000000008,202.48000000000008,202.54000000000008,2595
2026-03-04T19:30:00+00:00,202.54000000000008,203.7100000000001,202.48000000000008,203.5200000000001,2825
2026-03-04T19:45:00+00:00,203.5200000000001,203.8100000000001,203.2700000000001,203.41000000000008,2488
2026-03-04T20:00:00+00:00,203.41000000000008,203.6700000000001,202.7700000000001,202.8100000000001,3070
2026-03-04T20:15:00+00:00,202.8100000000001,203.0600000000001,202.5800000000001,202.6700000000001,3024
2026-03-04T20:30:00+00:00,202.6700000000001,203.0600000000001,202.3000000000001,202.97000000000008,2948
2026-03-04T20:45:00+00:00,202.97000000000008,203.66000000000008,202.2400000000001,203.66000000000008,3944
2026-03-05T14:30:00+00:00,203.66000000000008,203.8600000000001,198.8600000000001,201.73000000000008,3297
2026-03-05T14:45:00+00:00,201.73000000000008,205.1200000000001,201.4200000000001,203.1400000000001,3400
2026-03-05T15:00:00+00:00,203.1400000000001,204.44000000000008,202.8000000000001,204.19000000000008,3472
2026-03-05T15:15:00+00:00,204.19000000000008,204.35000000000008,201.85000000000008,201.98000000000008,3022
2026-03-05T15:30:00+00:00,201.98000000000008,202.91000000000008,200.9300000000001,202.4900000000001,4353
2026-03-05T15:45:00+00:00,202.4900000000001,204.1200000000001,202.4500000000001,203.76000000000008,3652
2026-03-05T16:00:00+00:00,203.76000000000008,203.9500000000001,202.5300000000001,202.9300000000001,3552
2026-03-05T16:15:00+00:00,202.9300000000001,203.4600000000001,202.1400000000001,202.23000000000008,3255
2026-03-05T16:30:00+00:00,202.23000000000008,203.63000000000008,202.23000000000008,203.1500000000001,2941
2026-03-05T16:45:00+00:00,203.1500000000001,203.6700000000001,202.6700000000001,202.8300000000001,2588
2026-03-05T17:00:00+00:00,202.8300000000001,204.13000000000008,202.2400000000001,202.63000000000008,2971
2026-03-05T17:15:00+00:00,202.63000000000008,202.66000000000008,200.73000000000008,200.73000000000008,3638
2026-03-05T17:30:00+00:00,200.73000000000008,200.97000000000008,198.2000000000001,198.38000000000008,4676
2026-03-05T17:45:00+00:00,198.38000000000008,198.3900000000001,196.3100000000001,196.73000000000008,4302
2026-03-05T18:00:00+00:00,196.73000000000008,198.07000000000008,196.7100000000001,197.6200000000001,3511
2026-03-05T18:15:00+00:00,197.6200000000001,198.0900000000001,196.88000000000008,197.1200000000001,3032
2026-03-05T18:30:00+00:00,197.1200000000001,198.47000000000008,196.88000000000008,198.1400000000001,3302
2026-03-05T18:45:00+00:00,198.1400000000001,198.50000000000009,197.54000000000008,198.2400000000001,3041
2026-03-05T19:00:00+00:00,198.2400000000001,198.6700000000001,197.72000000000008,198.07000000000008,3003
2026-03-05T19:15:00+00:00,198.07000000000008,198.44000000000008,196.75000000000009,197.1100000000001,3124
2026-03-05T19:30:00+00:00,197.1100000000001,197.32000000000008,196.4200000000001,197.0300000000001,4938
2026-03-05T19:45:00+00:00,197.0300000000001,198.0300000000001,196.7400000000001,197.8300000000001,5223
2026-03-05T20:00:00+00:00,197.8300000000001,198.9200000000001,197.1700000000001,198.7000000000001,5667
2026-03-05T20:15:00+00:00,198.7000000000001,199.4900000000001,198.26000000000008,198.9900000000001,4436
2026-03-05T20:30:00+00:00,198.9900000000001,200.3400000000001,198.7700000000001,199.8900000000001,4194
2026-03-05T20:45:00+00:00,199.8900000000001,201.07000000000008,199.48000000000008,200.9300000000001,4307
2026-03-06T14:30:00+00:00,200.9300000000001,200.9300000000001,196.3400000000001,197.7000000000001,2694
2026-03-06T14:45:00+00:00,197.7000000000001,198.69000000000008,197.2800000000001,197.9000000000001,3102
2026-03-06T15:00:00+00:00,197.9000000000001,199.94000000000008,197.6500000000001,199.75000000000009,3350
2026-03-06T15:15:00+00:00,199.75000000000009,200.2800000000001,198.98000000000008,199.57000000000008,2793
2026-03-06T15:30:00+00:00,199.57000000000008,200.1700000000001,198.8300000000001,199.19000000000008,3145
2026-03-06T15:45:00+00:00,199.19000000000008,200.60000000000008,198.48000000000008,200.26000000000008,3919
2026-03-06T16:00:00+00:00,200.26000000000008,200.8300000000001,199.3300000000001,199.41000000000008,4287
2026-03-06T16:15:00+00:00,199.41000000000008,200.2100000000001,199.13000000000008,200.0600000000001,3372
2026-03-06T16:30:00+00:00,200.0600000000001,201.3700000000001,199.6500000000001,201.1400000000001,3653
2026-03-06T16:45:00+00:00,201.1400000000001,201.54000000000008,200.5800000000001,201.29000000000008,3659
2026-03-06T17:00:00+00:00,201.29000000000008,201.60000000000008,200.32000000000008,200.4900000000001,3441
2026-03-06T17:15:00+00:00,200.4900000000001,200.57000000000008,199.35000000000008,199.60000000000008,2864
2026-03-06T17:30:00+00:00,199.60000000000008,199.6700000000001,198.6200000000001,198.9000000000001,2904
2026-03-06T17:45:00+00:00,198.9000000000001,199.3900000000001,198.6700000000001,198.7700000000001,3230
2026-03-06T18:00:00+00:00,198.7700000000001,200.23000000000008,198.5300000000001,200.1500000000001,3403
2026-03-06T18:15:00+00:00,200.1500000000001,200.54000000000008,199.23000000000008,199.35000000000008,2789
2026-03-06T18:30:00+00:00,199.35000000000008,199.6100000000001,198.6400000000001,199.0200000000001,3038
2026-03-06T18:45:00+00:00,199.0200000000001,199.07000000000008,198.00000000000009,198.0500000000001,3418
2026-03-06T19:00:00+00:00,198.0500000000001,198.3400000000001,197.57000000000008,198.2100000000001,3840
2026-03-06T19:15:00+00:00,198.2100000000001,198.22000000000008,197.25000000000009,197.94000000000008,4607
2026-03-06T19:30:00+00:00,197.94000000000008,198.2000000000001,197.32000000000008,197.48000000000008,4040
2026-03-06T19:45:00+00:00,197.48000000000008,197.5900000000001,197.16000000000008,197.5300000000001,3391
2026-03-06T20:00:00+00:00,197.5300000000001,198.0200000000001,195.3100000000001,195.50000000000009,4968
2026-03-06T20:15:00+00:00,195.50000000000009,195.8000000000001,193.4200000000001,193.51000000000008,6198
2026-03-06T20:30:00+00:00,193.51000000000008,194.9300000000001,192.6700000000001,194.69000000000008,7482
2026-03-06T20:45:00+00:00,194.69000000000008,195.1800000000001,193.41000000000008,193.8100000000001,5171
2026-03-09T13:30:00+00:00,193.8100000000001,193.8100000000001,190.44000000000008,192.0600000000001,4009
2026-03-09T13:45:00+00:00,192.0600000000001,193.3100000000001,191.1700000000001,192.0600000000001,4377
2026-03-09T14:00:00+00:00,192.0600000000001,194.6400000000001,191.6500000000001,192.48000000000008,4369
2026-03-09T14:15:00+00:00,192.48000000000008,194.7700000000001,192.4200000000001,193.2700000000001,4332
2026-03-09T14:30:00+00:00,193.2700000000001,195.26000000000008,193.1500000000001,195.25000000000009,3324
2026-03-09T14:45:00+00:00,195.25000000000009,195.4900000000001,194.4300000000001,194.8400000000001,3730
2026-03-09T15:00:00+00:00,194.8400000000001,196.07000000000008,194.82000000000008,195.8600000000001,3961
2026-03-09T15:15:00+00:00,195.8600000000001,197.44000000000008,195.48000000000008,197.0900000000001,4747
2026-03-09T15:30:00+00:00,197.0900000000001,197.2400000000001,195.8300000000001,196.3700000000001,3775
2026-03-09T15:45:00+00:00,196.3700000000001,197.85000000000008,196.1100000000001,197.50000000000009,3165
2026-03-09T16:00:00+00:00,197.50000000000009,198.23000000000008,197.35000000000008,197.75000000000009,3637
2026-03-09T16:15:00+00:00,197.75000000000009,198.54000000000008,197.3400000000001,198.2000000000001,3606
2026-03-09T16:30:00+00:00,198.2000000000001,199.25000000000009,197.8300000000001,199.1700000000001,3411
2026-03-09T16:45:00+00:00,199.1700000000001,199.32000000000008,198.4200000000001,198.48000000000008,3278
2026-03-09T17:00:00+00:00,198.48000000000008,198.60000000000008,197.72000000000008,197.97000000000008,3160
2026-03-09T17:15:00+00:00,197.97000000000008,198.0500000000001,197.38000000000008,197.85000000000008,3143
2026-03-09T17:30:00+00:00,197.85000000000008,198.07000000000008,197.0800000000001,197.2700000000001,3211
2026-03-09T17:45:00+00:00,197.2700000000001,198.0600000000001,197.22000000000008,197.8600000000001,2553
2026-03-09T18:00:00+00:00,197.8600000000001,198.7700000000001,197.73000000000008,198.5600000000001,2387
2026-03-09T18:15:00+00:00,198.5600000000001,199.1400000000001,198.23000000000008,198.6100000000001,3082
2026-03-09T18:30:00+00:00,198.6100000000001,199.6400000000001,198.50000000000009,198.85000000000008,3024
2026-03-09T18:45:00+00:00,198.85000000000008,199.3100000000001,198.4500000000001,198.6400000000001,2705
2026-03-09T19:00:00+00:00,198.6400000000001,199.23000000000008,198.5200000000001,198.9300000000001,2981
2026-03-09T19:15:00+00:00,198.9300000000001,203.6200000000001,198.8700000000001,203.48000000000008,3656
2026-03-09T19:30:00+00:00,203.48000000000008,204.3300000000001,202.5900000000001,203.4000000000001,3813
2026-03-09T19:45:00+00:00,203.4000000000001,204.23000000000008,202.23000000000008,204.23000000000008,3038
2026-03-10T13:30:00+00:00,204.23000000000008,207.94000000000008,203.94000000000008,207.8100000000001,4098
2026-03-10T13:45:00+00:00,207.8100000000001,207.8100000000001,205.2400000000001,205.57000000000008,3628
2026-03-10T14:00:00+00:00,205.57000000000008,205.57000000000008,203.91000000000008,204.2700000000001,3564
2026-03-10T14:15:00+00:00,204.2700000000001,205.2100000000001,203.60000000000008,204.5500000000001,3984
2026-03-10T14:30:00+00:00,204.5500000000001,205.94000000000008,204.5500000000001,205.3700000000001,2939
2026-03-10T14:45:00+00:00,205.3700000000001,206.4900000000001,204.88000000000008,206.23000000000008,2656
2026-03-10T15:00:00+00:00,206.23000000000008,207.8300000000001,206.1500000000001,206.5300000000001,3521
2026-03-10T15:15:00+00:00,206.5300000000001,207.0800000000001,206.1500000000001,206.25000000000009,3192
2026-03-10T15:30:00+00:00,206.25000000000009,206.38000000000008,205.57000000000008,205.88000000000008,2761
2026-03-10T15:45:00+00:00,205.88000000000008,206.25000000000009,205.6100000000001,206.0800000000001,2435
2026-03-10T16:00:00+00:00,206.0800000000001,206.0900000000001,204.63000000000008,205.50000000000009,3129
2026-03-10T16:15:00+00:00,205.50000000000009,206.1700000000001,205.22000000000008,205.50000000000009,2711
2026-03-10T16:30:00+00:00,205.50000000000009,206.22000000000008,205.4200000000001,206.19000000000008,2279
2026-03-10T16:45:00+00:00,206.19000000000008,206.54000000000008,205.6100000000001,206.3900000000001,2142
2026-03-10T17:00:00+00:00,206.3900000000001,206.7800000000001,206.3100000000001,206.5200000000001,3003
2026-03-10T17:15:00+00:00,206.5200000000001,207.4900000000001,206.4300000000001,207.3100000000001,3098
2026-03-10T17:30:00+00:00,207.3100000000001,207.3100000000001,206.10000000000008,206.5200000000001,4365
2026-03-10T17:45:00+00:00,206.5200000000001,207.3000000000001,206.3000000000001,207.0500000000001,2779
2026-03-10T18:00:00+00:00,207.0500000000001,207.3700000000001,205.4300000000001,205.44000000000008,3414
2026-03-10T18:15:00+00:00,205.44000000000008,206.1500000000001,204.60000000000008,205.4600000000001,2383
2026-03-10T18:30:00+00:00,205.4600000000001,206.13000000000008,205.0900000000001,205.16000000000008,3114
2026-03-10T18:45:00+00:00,205.16000000000008,206.00000000000009,204.9200000000001,204.9900000000001,2875
2026-03-10T19:00:00+00:00,204.9900000000001,205.7100000000001,204.7000000000001,205.6800000000001,2882
2026-03-10T19:15:00+00:00,205.6800000000001,206.1200000000001,205.00000000000009,205.0900000000001,4040
2026-03-10T19:30:00+00:00,205.0900000000001,205.32000000000008,204.3000000000001,204.73000000000008,4587
2026-03-10T19:45:00+00:00,204.73000000000008,204.8300000000001,203.72000000000008,204.8000000000001,3852
2026-03-11T13:30:00+00:00,204.8000000000001,208.7900000000001,204.3700000000001,207.4500000000001,3726
2026-03-11T13:45:00+00:00,207.4500000000001,207.8200000000001,205.3400000000001,206.9500000000001,4508
2026-03-11T14:00:00+00:00,206.9500000000001,208.0300000000001,206.5100000000001,207.25000000000009,5275
2026-03-11T14:15:00+00:00,207.25000000000009,207.2900000000001,205.5700000000001,206.5700000000001,3739
2026-03-11T14:30:00+00:00,206.5700000000001,206.7700000000001,205.2400000000001,206.1200000000001,3216
2026-03-11T14:45:00+00:00,206.1200000000001,206.3800000000001,205.3600000000001,205.7300000000001,2612
2026-03-11T15:00:00+00:00,205.7300000000001,206.2200000000001,204.6400000000001,205.5600000000001,3803
2026-03-11T15:15:00+00:00,205.5600000000001,206.2400000000001,204.9700000000001,204.9900000000001,3969
2026-03-11T15:30:00+00:00,204.9900000000001,205.7000000000001,204.7800000000001,204.9700000000001,3914
2026-03-11T15:45:00+00:00,204.9700000000001,205.2600000000001,204.3900000000001,204.7600000000001,3017
2026-03-11T16:00:00+00:00,204.7600000000001,204.8200000000001,204.0600000000001,204.5400000000001,3068
2026-03-11T16:15:00+00:00,204.5400000000001,204.8400000000001,203.9600000000001,204.3800000000001,3128
2026-03-11T16:30:00+00:00,204.3800000000001,205.1700000000001,204.3600000000001,204.6200000000001,3105
2026-03-11T16:45:00+00:00,204.6200000000001,204.8800000000001,204.0900000000001,204.7700000000001,2445
2026-03-11T17:00:00+00:00,204.7700000000001,205.1700000000001,204.7300000000001,205.0100000000001,2851
2026-03-11T17:15:00+00:00,205.0100000000001,205.2800000000001,204.5500000000001,205.0400000000001,2644
2026-03-11T17:30:00+00:00,205.0400000000001,205.1100000000001,203.2900000000001,204.4500000000001,4405
2026-03-11T17:45:00+00:00,204.4500000000001,204.8000000000001,204.0100000000001,204.5600000000001,3465
2026-03-11T18:00:00+00:00,204.5600000000001,204.6400000000001,203.3900000000001,203.6400000000001,2794
2026-03-11T18:15:00+00:00,203.6400000000001,204.1400000000001,203.3900000000001,204.1100000000001,2746
2026-03-11T18:30:00+00:00,204.1100000000001,204.6300000000001,203.9900000000001,204.2700000000001,3452
2026-03-11T18:45:00+00:00,204.2700000000001,204.7600000000001,203.9100000000001,204.4400000000001,3786
2026-03-11T19:00:00+00:00,204.4400000000001,204.5200000000001,203.5400000000001,203.5400000000001,3340
2026-03-11T19:15:00+00:00,203.5400000000001,204.3800000000001,203.4000000000001,203.8800000000001,3632
2026-03-11T19:30:00+00:00,203.8800000000001,204.7400000000001,203.6500000000001,204.6900000000001,3231
2026-03-11T19:45:00+00:00,204.6900000000001,204.8600000000001,204.3800000000001,204.3800000000001,2778
2026-03-12T13:30:00+00:00,204.3800000000001,204.3800000000001,200.2700000000001,200.8000000000001,3257
2026-03-12T13:45:00+00:00,200.8000000000001,200.8000000000001,197.7600000000001,198.2800000000001,4239
2026-03-12T14:00:00+00:00,198.2800000000001,200.00000000000009,198.2800000000001,199.8100000000001,4589
2026-03-12T14:15:00+00:00,199.8100000000001,199.9200000000001,198.00000000000009,198.0700000000001,3681
2026-03-12T14:30:00+00:00,198.0700000000001,198.4100000000001,197.3900000000001,197.9100000000001,3541
2026-03-12T14:45:00+00:00,197.9100000000001,198.8300000000001,197.0200000000001,197.1000000000001,4251
2026-03-12T15:00:00+00:00,197.1000000000001,197.4300000000001,196.3500000000001,196.9200000000001,3283
2026-03-12T15:15:00+00:00,196.9200000000001,197.7000000000001,196.5700000000001,197.3500000000001,4400
2026-03-12T15:30:00+00:00,197.3500000000001,198.6100000000001,196.9800000000001,198.4000000000001,5649
2026-03-12T15:45:00+00:00,198.4000000000001,198.7100000000001,197.5700000000001,197.8400000000001,4079
2026-03-12T16:00:00+00:00,197.8400000000001,199.1200000000001,197.7200000000001,198.9500000000001,3755
2026-03-12T16:15:00+00:00,198.9500000000001,199.6600000000001,198.2800000000001,198.3900000000001,3277
2026-03-12T16:30:00+00:00,198.3900000000001,199.4200000000001,198.2900000000001,199.1200000000001,3138
2026-03-12T16:45:00+00:00,199.1200000000001,199.2600000000001,198.2800000000001,198.6000000000001,2567
2026-03-12T17:00:00+00:00,198.6000000000001,199.2800000000001,198.4700000000001,198.7000000000001,2183
2026-03-12T17:15:00+00:00,198.7000000000001,198.8200000000001,197.9900000000001,198.4100000000001,2442
2026-03-12T17:30:00+00:00,198.4100000000001,198.6800000000001,197.8900000000001,198.0500000000001,2644
2026-03-12T17:45:00+00:00,198.0500000000001,198.1600000000001,197.4000000000001,197.9000000000001,2649
2026-03-12T18:00:00+00:00,197.9000000000001,198.3900000000001,197.7900000000001,198.2300000000001,2516
2026-03-12T18:15:00+00:00,198.2300000000001,198.3600000000001,197.6300000000001,197.8400000000001,2772
2026-03-12T18:30:00+00:00,197.8400000000001,198.1200000000001,197.3700000000001,197.4800000000001,2753
2026-03-12T18:45:00+00:00,197.4800000000001,197.8700000000001,197.3600000000001,197.3700000000001,2987
2026-03-12T19:00:00+00:00,197.3700000000001,197.7200000000001,196.8400000000001,197.2100000000001,3447
2026-03-12T19:15:00+00:00,197.2100000000001,198.1500000000001,197.1000000000001,197.9300000000001,3084
2026-03-12T19:30:00+00:00,197.9300000000001,198.2800000000001,197.2000000000001,197.3400000000001,3332
2026-03-12T19:45:00+00:00,197.3400000000001,197.6700000000001,196.7700000000001,197.5100000000001,4174
2026-03-13T13:30:00+00:00,197.5100000000001,199.0900000000001,196.1300000000001,198.8200000000001,3215
2026-03-13T13:45:00+00:00,198.8200000000001,199.3200000000001,197.6100000000001,197.8400000000001,3812
2026-03-13T14:00:00+00:00,197.8400000000001,198.3800000000001,196.8400000000001,197.1500000000001,4040
2026-03-13T14:15:00+00:00,197.1500000000001,197.3100000000001,196.3000000000001,196.6400000000001,4457
2026-03-13T14:30:00+00:00,196.6400000000001,197.2300000000001,195.7800000000001,195.7800000000001,4095
2026-03-13T14:45:00+00:00,195.7800000000001,195.9800000000001,194.7400000000001,195.0700000000001,5122
2026-03-13T15:00:00+00:00,195.0700000000001,196.0400000000001,194.5400000000001,195.8200000000001,4916
2026-03-13T15:15:00+00:00,195.8200000000001,195.8800000000001,194.1600000000001,194.3100000000001,4095
2026-03-13T15:30:00+00:00,194.3100000000001,194.8000000000001,193.5400000000001,193.6000000000001,4425
2026-03-13T15:45:00+00:00,193.6000000000001,194.12000000000012,193.12000000000012,193.40000000000012,4630
2026-03-13T16:00:00+00:00,193.40000000000012,194.1400000000001,193.1300000000001,193.6300000000001,3715
2026-03-13T16:15:00+00:00,193.6300000000001,193.8900000000001,193.0100000000001,193.37000000000012,3083
2026-03-13T16:30:00+00:00,193.37000000000012,194.1300000000001,193.3200000000001,193.4200000000001,3497
2026-03-13T16:45:00+00:00,193.4200000000001,194.1100000000001,192.9100000000001,193.28000000000011,3807
2026-03-13T17:00:00+00:00,193.28000000000011,193.7400000000001,193.0800000000001,193.7300000000001,2993
2026-03-13T17:15:00+00:00,193.7300000000001,194.06000000000012,193.4400000000001,193.71000000000012,2725
2026-03-13T17:30:00+00:00,193.71000000000012,193.7300000000001,193.2600000000001,193.59000000000012,3148
2026-03-13T17:45:00+00:00,193.59000000000012,193.65000000000012,192.68000000000012,192.7200000000001,3420
2026-03-13T18:00:00+00:00,192.7200000000001,192.9700000000001,192.5800000000001,192.71000000000012,3497
2026-03-13T18:15:00+00:00,192.71000000000012,193.0500000000001,192.53000000000011,192.9700000000001,3113
2026-03-13T18:30:00+00:00,192.9700000000001,193.4500000000001,192.7000000000001,193.4200000000001,3192
2026-03-13T18:45:00+00:00,193.4200000000001,193.5100000000001,193.0800000000001,193.21000000000012,2981
2026-03-13T19:00:00+00:00,193.21000000000012,193.21000000000012,192.3300000000001,192.6700000000001,3083
2026-03-13T19:15:00+00:00,192.6700000000001,192.9700000000001,191.9400000000001,192.3200000000001,3387
2026-03-13T19:30:00+00:00,192.3200000000001,192.65000000000012,192.1300000000001,192.53000000000011,3329
2026-03-13T19:45:00+00:00,192.53000000000011,193.2000000000001,192.21000000000012,193.2000000000001,3189
2026-03-16T13:30:00+00:00,193.2000000000001,198.03000000000011,193.2000000000001,195.3300000000001,4888
2026-03-16T13:45:00+00:00,195.3300000000001,197.0200000000001,195.2900000000001,196.90000000000012,4874
2026-03-16T14:00:00+00:00,196.90000000000012,197.5100000000001,196.31000000000012,197.34000000000012,5041
2026-03-16T14:15:00+00:00,197.34000000000012,197.93000000000012,197.1700000000001,197.3500000000001,4631
2026-03-16T14:30:00+00:00,197.3500000000001,197.62000000000012,196.3900000000001,196.8200000000001,4850
2026-03-16T14:45:00+00:00,196.8200000000001,198.1000000000001,196.8200000000001,198.0700000000001,4418
2026-03-16T15:00:00+00:00,198.0700000000001,198.8900000000001,197.4400000000001,198.7900000000001,3988
2026-03-16T15:15:00+00:00,198.7900000000001,199.8300000000001,198.59000000000012,199.5400000000001,3482
2026-03-16T15:30:00+00:00,199.5400000000001,199.84000000000012,199.1000000000001,199.40000000000012,2821
2026-03-16T15:45:00+00:00,199.40000000000012,199.56000000000012,198.81000000000012,199.18000000000012,3279
2026-03-16T16:00:00+00:00,199.18000000000012,199.5100000000001,198.4400000000001,198.5100000000001,3665
2026-03-16T16:15:00+00:00,198.5100000000001,198.7300000000001,197.71000000000012,198.06000000000012,4325
2026-03-16T16:30:00+00:00,198.06000000000012,198.5200000000001,197.7400000000001,198.1900000000001,3708
2026-03-16T16:45:00+00:00,198.1900000000001,198.53000000000011,197.8500000000001,198.2000000000001,3041
2026-03-16T17:00:00+00:00,198.2000000000001,198.7700000000001,197.8300000000001,198.0200000000001,3758
2026-03-16T17:15:00+00:00,198.0200000000001,198.78000000000011,197.78000000000011,198.1900000000001,2625
2026-03-16T17:30:00+00:00,198.1900000000001,198.5400000000001,197.9200000000001,198.0100000000001,2564
2026-03-16T17:45:00+00:00,198.0100000000001,198.59000000000012,197.8300000000001,198.5200000000001,2668
2026-03-16T18:00:00+00:00,198.5200000000001,199.0800000000001,198.4100000000001,198.4400000000001,2934
2026-03-16T18:15:00+00:00,198.4400000000001,198.81000000000012,198.2600000000001,198.5700000000001,2672
2026-03-16T18:30:00+00:00,198.5700000000001,198.65000000000012,197.5400000000001,197.78000000000011,2223
2026-03-16T18:45:00+00:00,197.78000000000011,198.0100000000001,197.0800000000001,197.4200000000001,2098
2026-03-16T19:00:00+00:00,197.4200000000001,198.7900000000001,196.7900000000001,197.3000000000001,7311
2026-03-16T19:15:00+00:00,197.3000000000001,197.9900000000001,196.4200000000001,196.93000000000012,7858
2026-03-16T19:30:00+00:00,196.93000000000012,196.9400000000001,195.7200000000001,196.1400000000001,6254
2026-03-16T19:45:00+00:00,196.1400000000001,196.37000000000012,195.3900000000001,196.2500000000001,5300
2026-03-17T13:30:00+00:00,196.2500000000001,197.6700000000001,194.9500000000001,197.0000000000001,3964
2026-03-17T13:45:00+00:00,197.0000000000001,198.8600000000001,196.9100000000001,198.5100000000001,4648
2026-03-17T14:00:00+00:00,198.5100000000001,198.8300000000001,196.6900000000001,196.84000000000012,4697
2026-03-17T14:15:00+00:00,196.84000000000012,198.4700000000001,196.68000000000012,197.90000000000012,5209
2026-03-17T14:30:00+00:00,197.90000000000012,198.2600000000001,197.2500000000001,197.90000000000012,3427
2026-03-17T14:45:00+00:00,197.90000000000012,197.9700000000001,197.4800000000001,197.9100000000001,2769
2026-03-17T15:00:00+00:00,197.9100000000001,198.1900000000001,196.62000000000012,196.7300000000001,3130
2026-03-17T15:15:00+00:00,196.7300000000001,197.1900000000001,195.90000000000012,195.93000000000012,3241
2026-03-17T15:30:00+00:00,195.93000000000012,196.1100000000001,194.93000000000012,195.7600000000001,3680
2026-03-17T15:45:00+00:00,195.7600000000001,196.15000000000012,195.68000000000012,195.96000000000012,3146
2026-03-17T16:00:00+00:00,195.96000000000012,195.9700000000001,195.0400000000001,195.6000000000001,3661
2026-03-17T16:15:00+00:00,195.6000000000001,196.4100000000001,195.56000000000012,195.9700000000001,3516
2026-03-17T16:30:00+00:00,195.9700000000001,196.2600000000001,195.5400000000001,196.1100000000001,3278
2026-03-17T16:45:00+00:00,196.1100000000001,196.3500000000001,195.6700000000001,195.93000000000012,2597
2026-03-17T17:00:00+00:00,195.93000000000012,196.18000000000012,195.1600000000001,195.3000000000001,2299
2026-03-17T17:15:00+00:00,195.3000000000001,195.8300000000001,195.2400000000001,195.7000000000001,1877
2026-03-17T17:30:00+00:00,195.7000000000001,195.9900000000001,195.6100000000001,195.68000000000012,1686
2026-03-17T17:45:00+00:00,195.68000000000012,196.15000000000012,195.4500000000001,195.9500000000001,1738
2026-03-17T18:00:00+00:00,195.9500000000001,196.62000000000012,195.8500000000001,196.4500000000001,1909
2026-03-17T18:15:00+00:00,196.4500000000001,196.7500000000001,196.1900000000001,196.2200000000001,1845
2026-03-17T18:30:00+00:00,196.2200000000001,196.6000000000001,196.0100000000001,196.0400000000001,1862
2026-03-17T18:45:00+00:00,196.0400000000001,196.4400000000001,195.9800000000001,196.06000000000012,1376
2026-03-17T19:00:00+00:00,196.06000000000012,196.2600000000001,195.78000000000011,195.9500000000001,3253
2026-03-17T19:15:00+00:00,195.9500000000001,196.1900000000001,195.68000000000012,195.9500000000001,3096
2026-03-17T19:30:00+00:00,195.9500000000001,196.0400000000001,195.7000000000001,195.7700000000001,2743
2026-03-17T19:45:00+00:00,195.7700000000001,196.4100000000001,195.7700000000001,195.9900000000001,3495
2026-03-18T13:30:00+00:00,195.9900000000001,197.7200000000001,195.15000000000012,196.7600000000001,2203
2026-03-18T13:45:00+00:00,196.7600000000001,199.4200000000001,196.59000000000012,199.2500000000001,2384
2026-03-18T14:00:00+00:00,199.2500000000001,200.3900000000001,198.4800000000001,199.0100000000001,2764
2026-03-18T14:15:00+00:00,199.0100000000001,199.6100000000001,197.78000000000011,198.12000000000012,2140
2026-03-18T14:30:00+00:00,198.12000000000012,198.9400000000001,197.9500000000001,198.18000000000012,1806
2026-03-18T14:45:00+00:00,198.18000000000012,198.9400000000001,197.8800000000001,198.8900000000001,1786
2026-03-18T15:00:00+00:00,198.8900000000001,200.3900000000001,198.8000000000001,198.84000000000012,2086
2026-03-18T15:15:00+00:00,198.84000000000012,199.4200000000001,198.0800000000001,198.90000000000012,1724
2026-03-18T15:30:00+00:00,198.90000000000012,200.1000000000001,198.7600000000001,199.8600000000001,1629
2026-03-18T15:45:00+00:00,199.8600000000001,200.15000000000012,199.56000000000012,199.9800000000001,1646
2026-03-18T16:00:00+00:00,199.9800000000001,199.9800000000001,199.46000000000012,199.6000000000001,1332
2026-03-18T16:15:00+00:00,199.6000000000001,199.9100000000001,199.21000000000012,199.37000000000012,1205
2026-03-18T16:30:00+00:00,199.37000000000012,199.9500000000001,199.1700000000001,199.3600000000001,1520
2026-03-18T16:45:00+00:00,199.3600000000001,199.68000000000012,199.2200000000001,199.2600000000001,1099
2026-03-18T17:00:00+00:00,199.2600000000001,199.3300000000001,198.78000000000011,199.03000000000011,1288
2026-03-18T17:15:00+00:00,199.03000000000011,199.59000000000012,199.0000000000001,199.3600000000001,1238
2026-03-18T17:30:00+00:00,199.3600000000001,200.09000000000012,199.18000000000012,199.9800000000001,1162
2026-03-18T17:45:00+00:00,199.9800000000001,201.84000000000012,199.93000000000012,201.5800000000001,1479
2026-03-18T18:00:00+00:00,201.5800000000001,202.53000000000011,201.5500000000001,202.2200000000001,2657
2026-03-18T18:15:00+00:00,202.2200000000001,202.28000000000011,200.84000000000012,200.96000000000012,2304
2026-03-18T18:30:00+00:00,200.96000000000012,201.40000000000012,200.4100000000001,200.59000000000012,2535
2026-03-18T18:45:00+00:00,200.59000000000012,200.6300000000001,199.2000000000001,199.31000000000012,2281
2026-03-18T19:00:00+00:00,199.31000000000012,200.5100000000001,199.28000000000011,199.6100000000001,2434
2026-03-18T19:15:00+00:00,199.6100000000001,199.65000000000012,198.78000000000011,199.1100000000001,2390
2026-03-18T19:30:00+00:00,199.1100000000001,199.65000000000012,198.9200000000001,199.18000000000012,2519
2026-03-18T19:45:00+00:00,199.18000000000012,199.56000000000012,198.8500000000001,199.43000000000012,3530
2026-03-19T13:30:00+00:00,199.43000000000012,199.43000000000012,192.4800000000001,194.3300000000001,3323
2026-03-19T13:45:00+00:00,194.3300000000001,196.1300000000001,193.6900000000001,196.0800000000001,3310
2026-03-19T14:00:00+00:00,196.0800000000001,198.0000000000001,195.8000000000001,197.1900000000001,3205
2026-03-19T14:15:00+00:00,197.1900000000001,198.06000000000012,196.6000000000001,196.8600000000001,2634
2026-03-19T14:30:00+00:00,196.8600000000001,198.65000000000012,196.78000000000011,197.59000000000012,2359
2026-03-19T14:45:00+00:00,197.59000000000012,198.7600000000001,197.4800000000001,198.40000000000012,1861
2026-03-19T15:00:00+00:00,198.40000000000012,199.9900000000001,198.3300000000001,199.62000000000012,1956
2026-03-19T15:15:00+00:00,199.62000000000012,200.0700000000001,198.5400000000001,198.7000000000001,1918
2026-03-19T15:30:00+00:00,198.7000000000001,198.71000000000012,197.8900000000001,198.3200000000001,1907
2026-03-19T15:45:00+00:00,198.3200000000001,199.5100000000001,198.1900000000001,199.4900000000001,2160
2026-03-19T16:00:00+00:00,199.4900000000001,200.7400000000001,199.3300000000001,199.7900000000001,2131
2026-03-19T16:15:00+00:00,199.7900000000001,200.6400000000001,199.4900000000001,200.56000000000012,1694
2026-03-19T16:30:00+00:00,200.56000000000012,201.1100000000001,200.0700000000001,200.7000000000001,1778
2026-03-19T16:45:00+00:00,200.7000000000001,200.7700000000001,199.7000000000001,200.1700000000001,1529
2026-03-19T17:00:00+00:00,200.1700000000001,200.3300000000001,198.90000000000012,199.06000000000012,1502
2026-03-19T17:15:00+00:00,199.06000000000012,199.9900000000001,198.9500000000001,199.9100000000001,1434
2026-03-19T17:30:00+00:00,199.9100000000001,200.2700000000001,199.6900000000001,200.0500000000001,1330
2026-03-19T17:45:00+00:00,200.0500000000001,201.0100000000001,199.9700000000001,200.8300000000001,1320
2026-03-19T18:00:00+00:00,200.8300000000001,202.59000000000012,200.8300000000001,202.4700000000001,1530
2026-03-19T18:15:00+00:00,202.4700000000001,202.7400000000001,202.0400000000001,202.5500000000001,1454
2026-03-19T18:30:00+00:00,202.5500000000001,202.6300000000001,201.43000000000012,201.5000000000001,1332
2026-03-19T18:45:00+00:00,201.5000000000001,202.9800000000001,201.3000000000001,202.7700000000001,1602
2026-03-19T19:00:00+00:00,202.7700000000001,205.2900000000001,202.7300000000001,204.8500000000001,5011
2026-03-19T19:15:00+00:00,204.8500000000001,205.0700000000001,203.81000000000012,204.6400000000001,2995
2026-03-19T19:30:00+00:00,204.6400000000001,205.21000000000012,203.7200000000001,204.8300000000001,2699
2026-03-19T19:45:00+00:00,204.8300000000001,205.5700000000001,204.56000000000012,204.93000000000012,4613
2026-03-20T13:30:00+00:00,204.93000000000012,205.78000000000011,202.4500000000001,204.68000000000012,2099
2026-03-20T13:45:00+00:00,204.68000000000012,205.0200000000001,201.6100000000001,201.68000000000012,2480
2026-03-20T14:00:00+00:00,201.68000000000012,202.0700000000001,200.4100000000001,200.56000000000012,2694
2026-03-20T14:15:00+00:00,200.56000000000012,201.2000000000001,199.34000000000012,199.43000000000012,2855
2026-03-20T14:30:00+00:00,199.43000000000012,200.87000000000012,199.43000000000012,200.87000000000012,2542
2026-03-20T14:45:00+00:00,200.87000000000012,201.2300000000001,200.09000000000012,201.09000000000012,2097
2026-03-20T15:00:00+00:00,201.09000000000012,202.0700000000001,200.3300000000001,201.8000000000001,2079
2026-03-20T15:15:00+00:00,201.8000000000001,202.2300000000001,200.90000000000012,201.5200000000001,1979
2026-03-20T15:30:00+00:00,201.5200000000001,202.1000000000001,201.2400000000001,201.62000000000012,1683
2026-03-20T15:45:00+00:00,201.62000000000012,202.1000000000001,201.31000000000012,201.9800000000001,1319
2026-03-20T16:00:00+00:00,201.9800000000001,202.5800000000001,201.6900000000001,201.96000000000012,1393
2026-03-20T16:15:00+00:00,201.96000000000012,202.5200000000001,201.6300000000001,201.6900000000001,1216
2026-03-20T16:30:00+00:00,201.6900000000001,201.7200000000001,200.8500000000001,201.0100000000001,1246
2026-03-20T16:45:00+00:00,201.0100000000001,201.2500000000001,200.59000000000012,200.8600000000001,1266
2026-03-20T17:00:00+00:00,200.8600000000001,201.3200000000001,200.31000000000012,200.43000000000012,1762
2026-03-20T17:15:00+00:00,200.43000000000012,200.65000000000012,199.8800000000001,199.93000000000012,1289
2026-03-20T17:30:00+00:00,199.93000000000012,200.18000000000012,199.03000000000011,199.0800000000001,1453
2026-03-20T17:45:00+00:00,199.0800000000001,199.65000000000012,198.5700000000001,199.46000000000012,1510
2026-03-20T18:00:00+00:00,199.46000000000012,199.7400000000001,199.1600000000001,199.6300000000001,1121
2026-03-20T18:15:00+00:00,199.6300000000001,199.7500000000001,198.6000000000001,199.2000000000001,1682
2026-03-20T18:30:00+00:00,199.2000000000001,199.3000000000001,198.2700000000001,198.56000000000012,1291
2026-03-20T18:45:00+00:00,198.56000000000012,198.7300000000001,197.96000000000012,198.40000000000012,1412
2026-03-20T19:00:00+00:00,198.40000000000012,198.87000000000012,197.9400000000001,198.6000000000001,1569
2026-03-20T19:15:00+00:00,198.6000000000001,199.0500000000001,198.2000000000001,198.4200000000001,1813
2026-03-20T19:30:00+00:00,198.4200000000001,199.5800000000001,198.0700000000001,199.43000000000012,2640
2026-03-20T19:45:00+00:00,199.43000000000012,201.5700000000001,198.9400000000001,201.12000000000012,4551
2026-03-23T13:30:00+00:00,201.12000000000012,208.68000000000012,201.12000000000012,206.1400000000001,3445
2026-03-23T13:45:00+00:00,206.1400000000001,207.87000000000012,206.0800000000001,207.84000000000012,3071
2026-03-23T14:00:00+00:00,207.84000000000012,207.96000000000012,205.78000000000011,206.3200000000001,3177
2026-03-23T14:15:00+00:00,206.3200000000001,207.8200000000001,206.31000000000012,207.06000000000012,2531
2026-03-23T14:30:00+00:00,207.06000000000012,207.1300000000001,205.3900000000001,205.9500000000001,3029
2026-03-23T14:45:00+00:00,205.9500000000001,207.1700000000001,205.43000000000012,206.53000000000011,2641
2026-03-23T15:00:00+00:00,206.53000000000011,207.90000000000012,206.4200000000001,207.4500000000001,2470
2026-03-23T15:15:00+00:00,207.4500000000001,207.6300000000001,206.18000000000012,206.6600000000001,2529
2026-03-23T15:30:00+00:00,206.6600000000001,207.3500000000001,204.43000000000012,204.8300000000001,2437
2026-03-23T15:45:00+00:00,204.8300000000001,204.9800000000001,201.4400000000001,201.6400000000001,3132
2026-03-23T16:00:00+00:00,201.6400000000001,203.40000000000012,201.3900000000001,203.2300000000001,2878
2026-03-23T16:15:00+00:00,203.2300000000001,203.4100000000001,202.1900000000001,202.2300000000001,2389
2026-03-23T16:30:00+00:00,202.2300000000001,203.4900000000001,202.18000000000012,203.2000000000001,2189
2026-03-23T16:45:00+00:00,203.2000000000001,203.9900000000001,202.7200000000001,203.1600000000001,1957
2026-03-23T17:00:00+00:00,203.1600000000001,203.8200000000001,203.0800000000001,203.1300000000001,1850
2026-03-23T17:15:00+00:00,203.1300000000001,203.4100000000001,202.62000000000012,203.1900000000001,1591
2026-03-23T17:30:00+00:00,203.1900000000001,204.3500000000001,203.1700000000001,203.7600000000001,2160
2026-03-23T17:45:00+00:00,203.7600000000001,204.40000000000012,203.3800000000001,204.3900000000001,1655
2026-03-23T18:00:00+00:00,204.3900000000001,204.8000000000001,203.9800000000001,204.4200000000001,1741
2026-03-23T18:15:00+00:00,204.4200000000001,204.62000000000012,204.09000000000012,204.2600000000001,1544
2026-03-23T18:30:00+00:00,204.2600000000001,205.46000000000012,204.2400000000001,205.3000000000001,1833
2026-03-23T18:45:00+00:00,205.3000000000001,205.5400000000001,204.4800000000001,204.6300000000001,1611
2026-03-23T19:00:00+00:00,204.6300000000001,204.6300000000001,203.87000000000012,204.2200000000001,1994
2026-03-23T19:15:00+00:00,204.2200000000001,204.37000000000012,203.59000000000012,204.1400000000001,2107
2026-03-23T19:30:00+00:00,204.1400000000001,204.3300000000001,203.2300000000001,203.3500000000001,2226
2026-03-23T19:45:00+00:00,203.3500000000001,203.65000000000012,202.31000000000012,202.31000000000012,4052
2026-03-24T13:30:00+00:00,202.31000000000012,204.5500000000001,199.8800000000001,202.68000000000012,2129
2026-03-24T13:45:00+00:00,202.68000000000012,203.7700000000001,201.43000000000012,202.0800000000001,2580
2026-03-24T14:00:00+00:00,202.0800000000001,203.1100000000001,200.4800000000001,201.0400000000001,2943
2026-03-24T14:15:00+00:00,201.0400000000001,201.5400000000001,199.84000000000012,200.62000000000012,2828
2026-03-24T14:30:00+00:00,200.62000000000012,202.0800000000001,200.5700000000001,201.8600000000001,2383
2026-03-24T14:45:00+00:00,201.8600000000001,202.7700000000001,200.7600000000001,201.4700000000001,3398
2026-03-24T15:00:00+00:00,201.4700000000001,203.12000000000012,201.46000000000012,202.9200000000001,2217
2026-03-24T15:15:00+00:00,202.9200000000001,204.7400000000001,202.8800000000001,204.15000000000012,1781
2026-03-24T15:30:00+00:00,204.15000000000012,204.6700000000001,203.56000000000012,203.9900000000001,1679
2026-03-24T15:45:00+00:00,203.9900000000001,204.15000000000012,202.5500000000001,203.15000000000012,1980
2026-03-24T16:00:00+00:00,203.15000000000012,203.5000000000001,202.6300000000001,202.7400000000001,1916
2026-03-24T16:15:00+00:00,202.7400000000001,203.2200000000001,202.71000000000012,203.03000000000011,1440
2026-03-24T16:30:00+00:00,203.03000000000011,203.1600000000001,202.0400000000001,202.8600000000001,1520
2026-03-24T16:45:00+00:00,202.8600000000001,203.4100000000001,201.1900000000001,201.31000000000012,1762
2026-03-24T17:00:00+00:00,201.31000000000012,201.9800000000001,199.81000000000012,200.37000000000012,2621
2026-03-24T17:15:00+00:00,200.37000000000012,201.03000000000011,199.87000000000012,200.9400000000001,1831
2026-03-24T17:30:00+00:00,200.9400000000001,201.4100000000001,200.4800000000001,201.1400000000001,1399
2026-03-24T17:45:00+00:00,201.1400000000001,203.4700000000001,200.9800000000001,203.3800000000001,2133
2026-03-24T18:00:00+00:00,203.3800000000001,204.03000000000011,202.7200000000001,203.7300000000001,1668
2026-03-24T18:15:00+00:00,203.7300000000001,204.3900000000001,203.1300000000001,204.2700000000001,1803
2026-03-24T18:30:00+00:00,204.2700000000001,205.8300000000001,204.1300000000001,205.4800000000001,2119
2026-03-24T18:45:00+00:00,205.4800000000001,205.5800000000001,204.9200000000001,205.0100000000001,1671
2026-03-24T19:00:00+00:00,205.0100000000001,205.7700000000001,204.9700000000001,205.68000000000012,1785
2026-03-24T19:15:00+00:00,205.68000000000012,206.09000000000012,205.31000000000012,205.3800000000001,1894
2026-03-24T19:30:00+00:00,205.3800000000001,205.6400000000001,204.7900000000001,205.2400000000001,2400
2026-03-24T19:45:00+00:00,205.2400000000001,205.2400000000001,204.2600000000001,205.0700000000001,3172
2026-03-25T13:30:00+00:00,205.0700000000001,218.3000000000001,205.0700000000001,216.15000000000012,4038
2026-03-25T13:45:00+00:00,216.15000000000012,216.5100000000001,214.9700000000001,215.0700000000001,4049
2026-03-25T14:00:00+00:00,215.0700000000001,218.7400000000001,214.1600000000001,218.7000000000001,4047
2026-03-25T14:15:00+00:00,218.7000000000001,219.46000000000012,217.6100000000001,219.0800000000001,3945
2026-03-25T14:30:00+00:00,219.0800000000001,219.1100000000001,218.21000000000012,218.5500000000001,2754
2026-03-25T14:45:00+00:00,218.5500000000001,219.62000000000012,218.1900000000001,219.0200000000001,2497
2026-03-25T15:00:00+00:00,219.0200000000001,219.2300000000001,218.1400000000001,218.3900000000001,3045
2026-03-25T15:15:00+00:00,218.3900000000001,219.3200000000001,217.2600000000001,219.2200000000001,4215
2026-03-25T15:30:00+00:00,219.2200000000001,219.6000000000001,216.9800000000001,217.4200000000001,2867
2026-03-25T15:45:00+00:00,217.4200000000001,217.9800000000001,216.8900000000001,217.6400000000001,2739
2026-03-25T16:00:00+00:00,217.6400000000001,217.9700000000001,216.43000000000012,216.71000000000012,2413
2026-03-25T16:15:00+00:00,216.71000000000012,218.03000000000011,216.3000000000001,217.8500000000001,2587
2026-03-25T16:30:00+00:00,217.8500000000001,218.2700000000001,217.21000000000012,218.2300000000001,1977
2026-03-25T16:45:00+00:00,218.2300000000001,218.37000000000012,217.6400000000001,217.87000000000012,1645
2026-03-25T17:00:00+00:00,217.87000000000012,218.4100000000001,217.1000000000001,218.28000000000011,2023
2026-03-25T17:15:00+00:00,218.28000000000011,218.3300000000001,217.4700000000001,218.06000000000012,1776
2026-03-25T17:30:00+00:00,218.06000000000012,220.2500000000001,218.0000000000001,219.96000000000012,1894
2026-03-25T17:45:00+00:00,219.96000000000012,220.06000000000012,219.0800000000001,219.59000000000012,2390
2026-03-25T18:00:00+00:00,219.59000000000012,220.3500000000001,219.1900000000001,220.2700000000001,1753
2026-03-25T18:15:00+00:00,220.2700000000001,220.93000000000012,220.0500000000001,220.7000000000001,1775
2026-03-25T18:30:00+00:00,220.7000000000001,221.0000000000001,220.3600000000001,220.5200000000001,1646
2026-03-25T18:45:00+00:00,220.5200000000001,220.6000000000001,219.4500000000001,219.96000000000012,2055
2026-03-25T19:00:00+00:00,219.96000000000012,220.18000000000012,219.4400000000001,220.18000000000012,2452
2026-03-25T19:15:00+00:00,220.18000000000012,220.8600000000001,219.9700000000001,220.06000000000012,2445
2026-03-25T19:30:00+00:00,220.06000000000012,220.2200000000001,219.21000000000012,219.3600000000001,2427
2026-03-25T19:45:00+00:00,219.3600000000001,220.2600000000001,219.3300000000001,220.0000000000001,4198
2026-03-26T13:30:00+00:00,220.0000000000001,220.46000000000012,215.7600000000001,216.6900000000001,3531
2026-03-26T13:45:00+00:00,216.6900000000001,217.1000000000001,214.2900000000001,214.8200000000001,3859
2026-03-26T14:00:00+00:00,214.8200000000001,215.8000000000001,213.2900000000001,213.4700000000001,3242
2026-03-26T14:15:00+00:00,213.4700000000001,214.06000000000012,211.9900000000001,212.0800000000001,2915
2026-03-26T14:30:00+00:00,212.0800000000001,212.6100000000001,209.4400000000001,209.6100000000001,4212
2026-03-26T14:45:00+00:00,209.6100000000001,209.6900000000001,206.9900000000001,207.4900000000001,4530
2026-03-26T15:00:00+00:00,207.4900000000001,207.93000000000012,207.1000000000001,207.6000000000001,3591
2026-03-26T15:15:00+00:00,207.6000000000001,207.7400000000001,206.09000000000012,206.68000000000012,2793
2026-03-26T15:30:00+00:00,206.68000000000012,207.4500000000001,206.1000000000001,207.2700000000001,2516
2026-03-26T15:45:00+00:00,207.2700000000001,208.9400000000001,207.0800000000001,208.3200000000001,2617
2026-03-26T16:00:00+00:00,208.3200000000001,208.8500000000001,207.7600000000001,208.2900000000001,2087
2026-03-26T16:15:00+00:00,208.2900000000001,208.31000000000012,205.71000000000012,205.7400000000001,2598
2026-03-26T16:30:00+00:00,205.7400000000001,206.8800000000001,205.6900000000001,206.40000000000012,2221
2026-03-26T16:45:00+00:00,206.40000000000012,206.4900000000001,205.12000000000012,206.1000000000001,2137
2026-03-26T17:00:00+00:00,206.1000000000001,206.1600000000001,205.43000000000012,205.68000000000012,1729
2026-03-26T17:15:00+00:00,205.68000000000012,205.9800000000001,204.93000000000012,205.09000000000012,1612
2026-03-26T17:30:00+00:00,205.09000000000012,206.3000000000001,205.09000000000012,205.43000000000012,1794
2026-03-26T17:45:00+00:00,205.43000000000012,205.5200000000001,204.3800000000001,204.6300000000001,2217
2026-03-26T18:00:00+00:00,204.6300000000001,205.68000000000012,204.6100000000001,205.3900000000001,2045
2026-03-26T18:15:00+00:00,205.3900000000001,205.4400000000001,204.6900000000001,204.8300000000001,1837
2026-03-26T18:30:00+00:00,204.8300000000001,205.2600000000001,204.5000000000001,204.71000000000012,1760
2026-03-26T18:45:00+00:00,204.71000000000012,205.6000000000001,204.3600000000001,205.3900000000001,1733
2026-03-26T19:00:00+00:00,205.3900000000001,205.46000000000012,203.59000000000012,204.1300000000001,2611
2026-03-26T19:15:00+00:00,204.1300000000001,204.7000000000001,203.78000000000011,204.2000000000001,2339
2026-03-26T19:30:00+00:00,204.2000000000001,204.2700000000001,203.4500000000001,203.71000000000012,2813
2026-03-26T19:45:00+00:00,203.71000000000012,203.9900000000001,203.1100000000001,203.5700000000001,4601
2026-03-27T13:30:00+00:00,203.5700000000001,203.5700000000001,199.8900000000001,201.34000000000012,2450
2026-03-27T13:45:00+00:00,201.34000000000012,202.7400000000001,197.81000000000012,198.0000000000001,3317
2026-03-27T14:00:00+00:00,198.0000000000001,200.2400000000001,197.68000000000012,199.8300000000001,3682
2026-03-27T14:15:00+00:00,199.8300000000001,200.3000000000001,198.4800000000001,198.5800000000001,3669
2026-03-27T14:30:00+00:00,198.5800000000001,199.0700000000001,197.3600000000001,197.5800000000001,2929
2026-03-27T14:45:00+00:00,197.5800000000001,199.0400000000001,197.43000000000012,198.7300000000001,2711
2026-03-27T15:00:00+00:00,198.7300000000001,199.2900000000001,198.3500000000001,198.7600000000001,2460
2026-03-27T15:15:00+00:00,198.7600000000001,200.0800000000001,198.3900000000001,200.0000000000001,3157
2026-03-27T15:30:00+00:00,200.0000000000001,201.6100000000001,199.93000000000012,200.5800000000001,3098
2026-03-27T15:45:00+00:00,200.5800000000001,201.56000000000012,200.5500000000001,201.2300000000001,2043
2026-03-27T16:00:00+00:00,201.2300000000001,201.3900000000001,200.6000000000001,200.9200000000001,1762
2026-03-27T16:15:00+00:00,200.9200000000001,201.06000000000012,200.3800000000001,200.6700000000001,1726
2026-03-27T16:30:00+00:00,200.6700000000001,200.8800000000001,200.0700000000001,200.59000000000012,1791
2026-03-27T16:45:00+00:00,200.59000000000012,201.68000000000012,200.5000000000001,201.3900000000001,1892
2026-03-27T17:00:00+00:00,201.3900000000001,202.8800000000001,201.31000000000012,202.59000000000012,2454
2026-03-27T17:15:00+00:00,202.59000000000012,202.68000000000012,200.9400000000001,201.1900000000001,2163
2026-03-27T17:30:00+00:00,201.1900000000001,202.5100000000001,201.15000000000012,202.09000000000012,2422
2026-03-27T17:45:00+00:00,202.09000000000012,202.4100000000001,200.84000000000012,201.18000000000012,2088.4701961287014
2026-03-27T18:00:00+00:00,201.18000000000012,201.49000000000012,200.99000000000012,201.22000000000014,1489
2026-03-27T18:15:00+00:00,201.22000000000014,201.65000000000012,200.71000000000012,201.04000000000013,1921
2026-03-27T18:30:00+00:00,201.04000000000013,201.17000000000013,200.34000000000012,200.94000000000014,1809
2026-03-27T18:45:00+00:00,200.94000000000014,201.43000000000012,200.69000000000014,201.32000000000014,1818
2026-03-27T19:00:00+00:00,201.32000000000014,201.57000000000014,200.72000000000014,200.85000000000014,2013
2026-03-27T19:15:00+00:00,200.85000000000014,201.43000000000012,200.83000000000013,201.08000000000013,2414
2026-03-27T19:30:00+00:00,201.08000000000013,201.40000000000012,200.58000000000013,200.91000000000014,2322
2026-03-27T19:45:00+00:00,200.91000000000014,201.97000000000014,200.5000000000001,201.61000000000013,4154
2026-03-30T13:30:00+00:00,201.61000000000013,208.02000000000012,201.61000000000013,205.62000000000012,4857
2026-03-30T13:45:00+00:00,205.62000000000012,205.73000000000013,201.54000000000013,202.02000000000012,4937
2026-03-30T14:00:00+00:00,202.02000000000012,204.91000000000014,201.40000000000012,204.81000000000012,4638
2026-03-30T14:15:00+00:00,204.81000000000012,205.12000000000012,202.36000000000013,202.82000000000014,4373
2026-03-30T14:30:00+00:00,202.82000000000014,203.40000000000012,198.85000000000014,199.04000000000013,4812
2026-03-30T14:45:00+00:00,199.04000000000013,201.0000000000001,198.97000000000014,200.94000000000014,7353
2026-03-30T15:00:00+00:00,200.94000000000014,202.13000000000014,200.03000000000011,200.04000000000013,6709
2026-03-30T15:15:00+00:00,200.04000000000013,200.12000000000012,198.5000000000001,199.51000000000013,5691
2026-03-30T15:30:00+00:00,199.51000000000013,201.07000000000014,199.19000000000014,200.84000000000012,6244
2026-03-30T15:45:00+00:00,200.84000000000012,201.58000000000013,198.92000000000013,198.96000000000012,4956
2026-03-30T16:00:00+00:00,198.96000000000012,199.06000000000012,197.49000000000012,197.62000000000012,5163
2026-03-30T16:15:00+00:00,197.62000000000012,198.05000000000013,197.11000000000013,197.36000000000013,4370
2026-03-30T16:30:00+00:00,197.36000000000013,197.77000000000012,197.15000000000012,197.53000000000011,4266
2026-03-30T16:45:00+00:00,197.53000000000011,197.7500000000001,196.7500000000001,196.99000000000012,4070
2026-03-30T17:00:00+00:00,196.99000000000012,197.34000000000012,196.33000000000013,196.33000000000013,4480
2026-03-30T17:15:00+00:00,196.33000000000013,196.55000000000013,195.77000000000012,195.81000000000012,5149
2026-03-30T17:30:00+00:00,195.81000000000012,196.38000000000014,195.44000000000014,196.28000000000011,5062
2026-03-30T17:45:00+00:00,196.28000000000011,197.04000000000013,195.93000000000012,196.27000000000012,4690
2026-03-30T18:00:00+00:00,196.27000000000012,196.61000000000013,195.35000000000014,195.60000000000014,4172
2026-03-30T18:15:00+00:00,195.60000000000014,196.10000000000014,195.37000000000012,195.63000000000014,4295
2026-03-30T18:30:00+00:00,195.63000000000014,196.29000000000013,195.44000000000014,195.60000000000014,3678
2026-03-30T18:45:00+00:00,195.60000000000014,195.91000000000014,194.70000000000013,194.88000000000014,3602
2026-03-30T19:00:00+00:00,194.88000000000014,194.99000000000012,193.02000000000012,193.23000000000013,4556
2026-03-30T19:15:00+00:00,193.23000000000013,193.88000000000014,192.69000000000014,192.93000000000012,5286
2026-03-30T19:30:00+00:00,192.93000000000012,194.20000000000013,192.56000000000012,193.99000000000012,5286
2026-03-30T19:45:00+00:00,193.99000000000012,196.16000000000014,193.82000000000014,195.82000000000014,5296
2026-03-31T13:30:00+00:00,195.82000000000014,199.47000000000014,195.82000000000014,197.70000000000013,3170
2026-03-31T13:45:00+00:00,197.70000000000013,200.52000000000012,197.70000000000013,200.45000000000013,4368
2026-03-31T14:00:00+00:00,200.45000000000013,200.90000000000012,199.02000000000012,199.84000000000012,5291
2026-03-31T14:15:00+00:00,199.84000000000012,201.60000000000014,199.78000000000011,200.47000000000014,5699
2026-03-31T14:30:00+00:00,200.47000000000014,201.23000000000013,199.36000000000013,199.76000000000013,6417
2026-03-31T14:45:00+00:00,199.76000000000013,199.87000000000012,197.82000000000014,198.87000000000012,6919
2026-03-31T15:00:00+00:00,198.87000000000012,200.28000000000011,198.74000000000012,200.24000000000012,6608
2026-03-31T15:15:00+00:00,200.24000000000012,200.34000000000012,197.79000000000013,197.97000000000014,6454
2026-03-31T15:30:00+00:00,197.97000000000014,199.27000000000012,197.76000000000013,198.35000000000014,6039
2026-03-31T15:45:00+00:00,198.35000000000014,198.40000000000012,196.23000000000013,196.40000000000012,5131
2026-03-31T16:00:00+00:00,196.40000000000012,198.18000000000012,196.07000000000014,197.77000000000012,5439
2026-03-31T16:15:00+00:00,197.77000000000012,198.74000000000012,197.77000000000012,198.34000000000012,4389
2026-03-31T16:30:00+00:00,198.34000000000012,201.94000000000014,197.95000000000013,201.38000000000014,6017
2026-03-31T16:45:00+00:00,201.38000000000014,202.02000000000012,199.81000000000012,201.41000000000014,5259
2026-03-31T17:00:00+00:00,201.41000000000014,202.92000000000013,201.13000000000014,201.98000000000013,6969
2026-03-31T17:15:00+00:00,201.98000000000013,202.99000000000012,201.53000000000011,201.62000000000012,5774
2026-03-31T17:30:00+00:00,201.62000000000012,202.60000000000014,200.85000000000014,201.36000000000013,6487
2026-03-31T17:45:00+00:00,201.36000000000013,202.06000000000012,200.85000000000014,201.16000000000014,4581
2026-03-31T18:00:00+00:00,201.16000000000014,202.01000000000013,201.09000000000012,201.84000000000012,4242
2026-03-31T18:15:00+00:00,201.84000000000012,202.43000000000012,201.57000000000014,202.06000000000012,3893
2026-03-31T18:30:00+00:00,202.06000000000012,202.46000000000012,201.56000000000012,202.17000000000013,4423
2026-03-31T18:45:00+00:00,202.17000000000013,203.37000000000012,202.17000000000013,203.10000000000014,3272
2026-03-31T19:00:00+00:00,203.10000000000014,203.68000000000012,202.71000000000012,203.20000000000013,5098
2026-03-31T19:15:00+00:00,203.20000000000013,203.59000000000012,203.0000000000001,203.35000000000014,4944
2026-03-31T19:30:00+00:00,203.35000000000014,203.56000000000012,202.63000000000014,203.07000000000014,5162
2026-03-31T19:45:00+00:00,203.07000000000014,203.51000000000013,202.66000000000014,202.7500000000001,6397
2026-04-01T13:30:00+00:00,202.7500000000001,210.22000000000014,202.7500000000001,208.10000000000014,4966
2026-04-01T13:45:00+00:00,208.10000000000014,209.62000000000012,207.29000000000013,209.11000000000013,5106
2026-04-01T14:00:00+00:00,209.11000000000013,209.68000000000012,208.09000000000012,208.79000000000013,4691
2026-04-01T14:15:00+00:00,208.79000000000013,210.60000000000014,208.65000000000012,210.45000000000013,4378
2026-04-01T14:30:00+00:00,210.45000000000013,210.7500000000001,209.0000000000001,210.33000000000013,5307
2026-04-01T14:45:00+00:00,210.33000000000013,211.74000000000012,209.70000000000013,211.59000000000012,4525
2026-04-01T15:00:00+00:00,211.59000000000012,212.05000000000013,211.20000000000013,211.65000000000012,4041
2026-04-01T15:15:00+00:00,211.65000000000012,212.34000000000012,211.39000000000013,211.42000000000013,3892
2026-04-01T15:30:00+00:00,211.42000000000013,212.40000000000012,211.14000000000013,212.01000000000013,4265
2026-04-01T15:45:00+00:00,212.01000000000013,213.10000000000014,211.94000000000014,212.86000000000013,3189
2026-04-01T16:00:00+00:00,212.86000000000013,213.30000000000013,212.60000000000014,212.88000000000014,3347
2026-04-01T16:15:00+00:00,212.88000000000014,213.39000000000013,212.61000000000013,212.99000000000012,3110
2026-04-01T16:30:00+00:00,212.99000000000012,213.01000000000013,212.48000000000013,212.52000000000012,2821
2026-04-01T16:45:00+00:00,212.52000000000012,212.92000000000013,212.43000000000012,212.68000000000012,2013
2026-04-01T17:00:00+00:00,212.68000000000012,213.51000000000013,212.58000000000013,213.11000000000013,2604
2026-04-01T17:15:00+00:00,213.11000000000013,213.39000000000013,212.15000000000012,212.16000000000014,2315
2026-04-01T17:30:00+00:00,212.16000000000014,212.44000000000014,211.49000000000012,211.66000000000014,2658
2026-04-01T17:45:00+00:00,211.66000000000014,211.91000000000014,211.10000000000014,211.12000000000012,2944
2026-04-01T18:00:00+00:00,211.12000000000012,211.22000000000014,209.99000000000012,210.17000000000013,4800
2026-04-01T18:15:00+00:00,210.17000000000013,210.24000000000012,208.71000000000012,208.78000000000011,5509
2026-04-01T18:30:00+00:00,208.78000000000011,209.92000000000013,208.45000000000013,209.48000000000013,4952
2026-04-01T18:45:00+00:00,209.48000000000013,209.85000000000014,209.09000000000012,209.54000000000013,4344
2026-04-01T19:00:00+00:00,209.54000000000013,210.77000000000012,209.5000000000001,210.67000000000013,3988
2026-04-01T19:15:00+00:00,210.67000000000013,211.76000000000013,210.58000000000013,211.31000000000012,3833
2026-04-01T19:30:00+00:00,211.31000000000012,211.39000000000013,209.97000000000014,209.97000000000014,3837
2026-04-01T19:45:00+00:00,209.97000000000014,210.64000000000013,209.76000000000013,209.96000000000012,5533
2026-04-02T13:30:00+00:00,209.96000000000012,209.96000000000012,200.29000000000013,201.08000000000013,4887
2026-04-02T13:45:00+00:00,201.08000000000013,206.52000000000012,200.76000000000013,206.24000000000012,6512
2026-04-02T14:00:00+00:00,206.24000000000012,208.45000000000013,205.19000000000014,207.97000000000014,6658
2026-04-02T14:15:00+00:00,207.97000000000014,209.91000000000014,207.85000000000014,208.72000000000014,6509
2026-04-02T14:30:00+00:00,208.72000000000014,212.91000000000014,208.5000000000001,212.42000000000013,7323
2026-04-02T14:45:00+00:00,212.42000000000013,213.29000000000013,210.7500000000001,213.03000000000011,7715.810294593719
2026-04-02T15:00:00+00:00,213.03000000000011,214.40000000000012,211.7200000000001,213.83000000000013,7753
2026-04-02T15:15:00+00:00,213.83000000000013,214.5700000000001,213.40000000000012,214.12000000000012,7319
2026-04-02T15:30:00+00:00,214.12000000000012,214.5100000000001,213.3500000000001,214.0700000000001,6411
2026-04-02T15:45:00+00:00,214.0700000000001,214.08000000000013,212.6300000000001,213.81000000000012,6376
2026-04-02T16:00:00+00:00,213.81000000000012,214.27000000000012,212.92000000000013,213.2900000000001,5731
2026-04-02T16:15:00+00:00,213.2900000000001,213.59000000000012,212.1300000000001,212.5400000000001,5550
2026-04-02T16:30:00+00:00,212.5400000000001,213.68000000000012,212.06000000000012,213.3500000000001,5746
2026-04-02T16:45:00+00:00,213.3500000000001,213.87000000000012,213.2500000000001,213.4400000000001,4135
2026-04-02T17:00:00+00:00,213.4400000000001,214.08000000000013,212.99000000000012,213.90000000000012,4148
2026-04-02T17:15:00+00:00,213.90000000000012,214.9700000000001,213.8200000000001,214.86000000000013,3363
2026-04-02T17:30:00+00:00,214.86000000000013,215.2900000000001,214.4100000000001,215.0100000000001,3573
2026-04-02T17:45:00+00:00,215.0100000000001,215.21000000000012,214.33000000000013,214.8200000000001,4167
2026-04-02T18:00:00+00:00,214.8200000000001,215.23000000000013,214.5100000000001,214.90000000000012,4055
2026-04-02T18:15:00+00:00,214.90000000000012,215.46000000000012,214.7600000000001,215.02000000000012,3641
2026-04-02T18:30:00+00:00,215.02000000000012,215.52000000000012,214.84000000000012,215.4100000000001,2927
2026-04-02T18:45:00+00:00,215.4100000000001,215.8500000000001,215.27000000000012,215.61000000000013,2991
2026-04-02T19:00:00+00:00,215.61000000000013,216.7200000000001,215.53000000000011,216.6900000000001,4546
2026-04-02T19:15:00+00:00,216.6900000000001,216.98000000000013,215.92000000000013,216.71000000000012,4693
2026-04-02T19:30:00+00:00,216.71000000000012,216.86000000000013,216.2500000000001,216.27000000000012,4293
2026-04-02T19:45:00+00:00,216.27000000000012,217.40000000000012,216.2600000000001,217.27000000000012,4861
2026-04-06T13:30:00+00:00,217.27000000000012,225.27000000000012,217.27000000000012,224.68000000000012,4031
2026-04-06T13:45:00+00:00,224.68000000000012,225.9700000000001,222.2200000000001,222.56000000000012,4102
2026-04-06T14:00:00+00:00,222.56000000000012,223.0400000000001,220.09000000000012,221.4700000000001,3952
2026-04-06T14:15:00+00:00,221.4700000000001,222.24000000000012,219.45000000000013,220.0400000000001,3040
2026-04-06T14:30:00+00:00,220.0400000000001,221.17000000000013,219.5000000000001,220.21000000000012,2964
2026-04-06T14:45:00+00:00,220.21000000000012,220.9400000000001,219.27000000000012,220.4100000000001,2401
2026-04-06T15:00:00+00:00,220.4100000000001,220.95000000000013,219.56000000000012,219.74000000000012,1911
2026-04-06T15:15:00+00:00,219.74000000000012,220.2600000000001,219.05000000000013,219.89000000000013,1853
2026-04-06T15:30:00+00:00,219.89000000000013,220.09000000000012,219.3500000000001,219.77000000000012,1414
2026-04-06T15:45:00+00:00,219.77000000000012,220.84000000000012,219.77000000000012,220.52000000000012,1252
2026-04-06T16:00:00+00:00,220.52000000000012,220.78000000000011,219.92000000000013,220.2200000000001,1431
2026-04-06T16:15:00+00:00,220.2200000000001,220.5400000000001,219.83000000000013,220.1300000000001,1074
2026-04-06T16:30:00+00:00,220.1300000000001,220.7200000000001,219.71000000000012,219.84000000000012,1183
2026-04-06T16:45:00+00:00,219.84000000000012,220.2600000000001,218.8800000000001,219.0400000000001,1262
2026-04-06T17:00:00+00:00,219.0400000000001,219.05000000000013,217.42000000000013,217.8200000000001,1788
2026-04-06T17:15:00+00:00,217.8200000000001,219.4400000000001,217.6000000000001,219.42000000000013,1686
2026-04-06T17:30:00+00:00,219.42000000000013,220.06000000000012,219.30000000000013,219.64000000000013,1524
2026-04-06T17:45:00+00:00,219.64000000000013,219.64000000000013,218.7600000000001,219.15000000000012,1183
2026-04-06T18:00:00+00:00,219.15000000000012,219.65000000000012,218.8800000000001,219.27000000000012,1415
2026-04-06T18:15:00+00:00,219.27000000000012,220.20000000000013,219.2500000000001,219.7500000000001,1360
2026-04-06T18:30:00+00:00,219.7500000000001,220.0400000000001,219.4400000000001,219.7500000000001,1059
2026-04-06T18:45:00+00:00,219.7500000000001,220.0000000000001,219.61000000000013,219.7200000000001,913
2026-04-06T19:00:00+00:00,219.7200000000001,220.08000000000013,219.2500000000001,219.77000000000012,1087
2026-04-06T19:15:00+00:00,219.77000000000012,220.31000000000012,219.5700000000001,220.02000000000012,1165
2026-04-06T19:30:00+00:00,220.02000000000012,220.08000000000013,219.20000000000013,219.42000000000013,1295
2026-04-06T19:45:00+00:00,219.42000000000013,220.0700000000001,219.18000000000012,219.9100000000001,2527
2026-04-07T13:30:00+00:00,219.9100000000001,221.6000000000001,217.70000000000013,218.6300000000001,3396
2026-04-07T13:45:00+00:00,218.6300000000001,219.02000000000012,216.95000000000013,216.99000000000012,3089
2026-04-07T14:00:00+00:00,216.99000000000012,217.23000000000013,215.05000000000013,216.31000000000012,3360
2026-04-07T14:15:00+00:00,216.31000000000012,218.34000000000012,216.2200000000001,218.09000000000012,2886
2026-04-07T14:30:00+00:00,218.09000000000012,218.64000000000013,216.9700000000001,217.24000000000012,2587
2026-04-07T14:45:00+00:00,217.24000000000012,218.1900000000001,217.08000000000013,217.18000000000012,2101
2026-04-07T15:00:00+00:00,217.18000000000012,217.77000000000012,215.61000000000013,217.24000000000012,2607
2026-04-07T15:15:00+00:00,217.24000000000012,218.28000000000011,217.08000000000013,217.73000000000013,2468
2026-04-07T15:30:00+00:00,217.73000000000013,218.02000000000012,216.59000000000012,216.7200000000001,1792
2026-04-07T15:45:00+00:00,216.7200000000001,217.28000000000011,216.30000000000013,216.68000000000012,1956
2026-04-07T16:00:00+00:00,216.68000000000012,218.48000000000013,216.5700000000001,217.6000000000001,2532
2026-04-07T16:15:00+00:00,217.6000000000001,219.03000000000011,217.5100000000001,218.62000000000012,2353
2026-04-07T16:30:00+00:00,218.62000000000012,219.11000000000013,218.43000000000012,219.09000000000012,1714
2026-04-07T16:45:00+00:00,219.09000000000012,219.6600000000001,218.62000000000012,218.74000000000012,1987
2026-04-07T17:00:00+00:00,218.74000000000012,219.24000000000012,218.59000000000012,218.8500000000001,2062
2026-04-07T17:15:00+00:00,218.8500000000001,218.99000000000012,217.9700000000001,218.0700000000001,2031
2026-04-07T17:30:00+00:00,218.0700000000001,219.4400000000001,218.03000000000011,219.0400000000001,2434
2026-04-07T17:45:00+00:00,219.0400000000001,219.2600000000001,218.39000000000013,218.5100000000001,1721
2026-04-07T18:00:00+00:00,218.5100000000001,218.96000000000012,218.21000000000012,218.48000000000013,1712
2026-04-07T18:15:00+00:00,218.48000000000013,218.68000000000012,217.99000000000012,218.1600000000001,1717
2026-04-07T18:30:00+00:00,218.1600000000001,218.5000000000001,217.6300000000001,217.87000000000012,1842
2026-04-07T18:45:00+00:00,217.87000000000012,217.9100000000001,216.46000000000012,217.06000000000012,2424
2026-04-07T19:00:00+00:00,217.06000000000012,217.65000000000012,216.7900000000001,217.36000000000013,2166
2026-04-07T19:15:00+00:00,217.36000000000013,219.46000000000012,217.23000000000013,218.4400000000001,3720
2026-04-07T19:30:00+00:00,218.4400000000001,219.1000000000001,218.14000000000013,218.9400000000001,2501
2026-04-07T19:45:00+00:00,218.9400000000001,221.34000000000012,218.80000000000013,221.11000000000013,4674
2026-04-08T13:30:00+00:00,221.11000000000013,233.59000000000012,221.11000000000013,229.23000000000013,3886
2026-04-08T13:45:00+00:00,229.23000000000013,230.23000000000013,228.4700000000001,228.4700000000001,4028
2026-04-08T14:00:00+00:00,228.4700000000001,228.59000000000012,227.15000000000012,228.09000000000012,3805
2026-04-08T14:15:00+00:00,228.09000000000012,230.02000000000012,228.0100000000001,229.43000000000012,3194
2026-04-08T14:30:00+00:00,229.43000000000012,229.87000000000012,228.2200000000001,228.62000000000012,3211
2026-04-08T14:45:00+00:00,228.62000000000012,228.71000000000012,226.7600000000001,228.0000000000001,3289.922424544774
2026-04-08T15:00:00+00:00,228.0000000000001,230.5000000000001,227.9700000000001,230.40000000000012,2906
2026-04-08T15:15:00+00:00,230.40000000000012,231.6300000000001,230.2000000000001,230.7700000000001,3445
2026-04-08T15:30:00+00:00,230.7700000000001,230.9400000000001,229.7500000000001,230.2200000000001,2678
2026-04-08T15:45:00+00:00,230.2200000000001,232.3000000000001,230.1100000000001,231.59000000000012,2063
2026-04-08T16:00:00+00:00,231.59000000000012,231.8600000000001,230.8500000000001,230.8900000000001,1739
2026-04-08T16:15:00+00:00,230.8900000000001,231.28000000000011,230.6900000000001,231.0400000000001,1885
2026-04-08T16:30:00+00:00,231.0400000000001,232.09000000000012,231.0100000000001,232.0400000000001,1650
2026-04-08T16:45:00+00:00,232.0400000000001,233.2600000000001,231.9700000000001,232.9500000000001,1771
2026-04-08T17:00:00+00:00,232.9500000000001,233.2600000000001,232.3300000000001,232.5700000000001,1666
2026-04-08T17:15:00+00:00,232.5700000000001,232.6000000000001,231.5400000000001,231.7700000000001,1989
2026-04-08T17:30:00+00:00,231.7700000000001,232.2200000000001,231.3300000000001,231.8300000000001,1867
2026-04-08T17:45:00+00:00,231.8300000000001,232.65000000000012,231.7700000000001,232.62000000000012,1414
2026-04-08T18:00:00+00:00,232.62000000000012,233.43000000000012,232.3900000000001,233.06000000000012,1755
2026-04-08T18:15:00+00:00,233.06000000000012,233.2500000000001,231.74000000000012,232.0500000000001,3028
2026-04-08T18:30:00+00:00,232.0500000000001,232.4800000000001,231.4700000000001,231.5400000000001,2201
2026-04-08T18:45:00+00:00,231.5400000000001,231.8000000000001,229.5700000000001,229.74000000000012,1981
2026-04-08T19:00:00+00:00,229.74000000000012,230.8800000000001,229.2900000000001,230.84000000000012,2359
2026-04-08T19:15:00+00:00,230.84000000000012,230.9800000000001,229.90000000000012,230.3300000000001,1990
2026-04-08T19:30:00+00:00,230.3300000000001,230.9400000000001,230.2500000000001,230.78000000000011,2278
2026-04-08T19:45:00+00:00,230.78000000000011,231.6300000000001,230.78000000000011,231.5700000000001,3847
2026-04-09T13:30:00+00:00,231.5700000000001,235.0800000000001,230.62000000000012,234.93000000000012,3380
2026-04-09T13:45:00+00:00,234.93000000000012,235.68000000000012,231.8800000000001,233.2600000000001,3308
2026-04-09T14:00:00+00:00,233.2600000000001,233.5500000000001,232.2900000000001,232.62000000000012,2512
2026-04-09T14:15:00+00:00,232.62000000000012,232.7700000000001,231.46000000000012,232.0200000000001,2326
2026-04-09T14:30:00+00:00,232.0200000000001,233.46000000000012,231.7200000000001,233.3500000000001,2239
2026-04-09T14:45:00+00:00,233.3500000000001,235.21000000000012,233.0800000000001,234.9100000000001,2407
2026-04-09T15:00:00+00:00,234.9100000000001,235.2000000000001,233.7000000000001,235.0700000000001,2353
2026-04-09T15:15:00+00:00,235.0700000000001,235.6600000000001,233.9100000000001,234.06000000000012,2278
2026-04-09T15:30:00+00:00,234.06000000000012,235.53000000000011,234.0100000000001,235.06000000000012,3194
2026-04-09T15:45:00+00:00,235.06000000000012,236.1900000000001,234.7700000000001,235.6400000000001,2357
2026-04-09T16:00:00+00:00,235.6400000000001,236.5700000000001,234.5100000000001,234.5800000000001,2552
2026-04-09T16:15:00+00:00,234.5800000000001,235.6100000000001,234.5700000000001,235.0400000000001,2090
2026-04-09T16:30:00+00:00,235.0400000000001,235.2700000000001,234.4400000000001,234.5700000000001,1892
2026-04-09T16:45:00+00:00,234.5700000000001,234.5700000000001,233.7300000000001,234.03000000000011,1777
2026-04-09T17:00:00+00:00,234.03000000000011,234.3900000000001,233.6400000000001,234.0100000000001,1757
2026-04-09T17:15:00+00:00,234.0100000000001,234.5100000000001,233.8600000000001,233.87000000000012,1569
2026-04-09T17:30:00+00:00,233.87000000000012,234.24000000000012,233.12000000000012,233.8000000000001,1922
2026-04-09T17:45:00+00:00,233.8000000000001,234.03000000000011,233.3500000000001,233.6100000000001,1484
2026-04-09T18:00:00+00:00,233.6100000000001,234.6400000000001,233.15000000000012,234.53000000000011,2137
2026-04-09T18:15:00+00:00,234.53000000000011,235.28000000000011,234.5000000000001,234.8300000000001,2276
2026-04-09T18:30:00+00:00,234.8300000000001,235.1900000000001,234.5400000000001,234.90000000000012,1812
2026-04-09T18:45:00+00:00,234.90000000000012,235.9100000000001,234.7900000000001,235.74000000000012,1636
2026-04-09T19:00:00+00:00,235.74000000000012,236.6700000000001,235.71000000000012,236.40000000000012,1772
2026-04-09T19:15:00+00:00,236.40000000000012,236.65000000000012,236.1000000000001,236.3200000000001,1907
2026-04-09T19:30:00+00:00,236.3200000000001,236.6900000000001,236.1600000000001,236.46000000000012,1835
2026-04-09T19:45:00+00:00,236.46000000000012,236.81000000000012,236.0000000000001,236.3500000000001,3285
2026-04-10T13:30:00+00:00,236.3500000000001,245.6600000000001,236.3500000000001,245.4400000000001,5112
2026-04-10T13:45:00+00:00,245.4400000000001,249.1700000000001,245.3900000000001,246.9800000000001,4959
2026-04-10T14:00:00+00:00,246.9800000000001,247.4500000000001,244.31000000000012,245.8000000000001,3521
2026-04-10T14:15:00+00:00,245.8000000000001,246.84000000000012,245.5100000000001,245.81000000000012,2448
2026-04-10T14:30:00+00:00,245.81000000000012,246.96000000000012,245.7600000000001,246.4400000000001,2572
2026-04-10T14:45:00+00:00,246.4400000000001,248.4100000000001,246.3000000000001,248.2600000000001,2543.6043489449303
2026-04-10T15:00:00+00:00,248.2600000000001,248.7500000000001,247.74000000000012,248.34000000000012,2773
2026-04-10T15:15:00+00:00,248.34000000000012,249.3800000000001,247.93000000000012,248.2000000000001,2750
2026-04-10T15:30:00+00:00,248.2000000000001,248.24000000000012,245.62000000000012,245.8600000000001,3452
2026-04-10T15:45:00+00:00,245.8600000000001,246.1100000000001,244.6300000000001,244.99000000000012,3171
2026-04-10T16:00:00+00:00,244.99000000000012,245.46000000000012,244.4800000000001,244.9800000000001,2634
2026-04-10T16:15:00+00:00,244.9800000000001,245.2900000000001,244.37000000000012,244.3800000000001,2161
2026-04-10T16:30:00+00:00,244.3800000000001,244.78000000000011,243.4100000000001,243.6100000000001,2313
2026-04-10T16:45:00+00:00,243.6100000000001,245.2600000000001,243.6100000000001,245.1100000000001,2393
2026-04-10T17:00:00+00:00,245.1100000000001,245.3600000000001,244.71000000000012,244.9400000000001,2140
2026-04-10T17:15:00+00:00,244.9400000000001,245.34000000000012,244.5000000000001,245.21000000000012,1777
2026-04-10T17:30:00+00:00,245.21000000000012,245.6600000000001,244.9800000000001,245.5700000000001,1714
2026-04-10T17:45:00+00:00,245.5700000000001,245.8800000000001,245.2200000000001,245.6400000000001,1461
2026-04-10T18:00:00+00:00,245.6400000000001,245.81000000000012,245.24000000000012,245.5400000000001,1573
2026-04-10T18:15:00+00:00,245.5400000000001,246.12000000000012,245.4100000000001,245.7200000000001,1632
2026-04-10T18:30:00+00:00,245.7200000000001,245.78000000000011,244.71000000000012,244.8600000000001,1629
2026-04-10T18:45:00+00:00,244.8600000000001,245.3200000000001,244.77000000000012,244.9800000000001,1321
2026-04-10T19:00:00+00:00,244.9800000000001,245.65000000000012,244.8900000000001,245.4200000000001,1919
2026-04-10T19:15:00+00:00,245.4200000000001,245.9700000000001,245.30000000000013,245.62000000000012,1464
2026-04-10T19:30:00+00:00,245.62000000000012,245.6400000000001,245.05000000000013,245.6000000000001,2110
2026-04-10T19:45:00+00:00,245.6000000000001,245.71000000000012,244.62000000000012,244.83000000000013,3323
2026-04-13T13:30:00+00:00,244.83000000000013,245.96000000000012,242.7000000000001,242.71000000000012,2568
2026-04-13T13:45:00+00:00,242.71000000000012,243.58000000000013,241.84000000000012,243.4200000000001,2059
2026-04-13T14:00:00+00:00,243.4200000000001,244.27000000000012,242.4200000000001,242.6100000000001,2542
2026-04-13T14:15:00+00:00,242.6100000000001,243.4800000000001,242.4500000000001,242.9100000000001,2781
2026-04-13T14:30:00+00:00,242.9100000000001,243.3600000000001,242.5000000000001,243.30000000000013,1875
2026-04-13T14:45:00+00:00,243.30000000000013,244.2900000000001,243.0700000000001,244.1100000000001,1979
2026-04-13T15:00:00+00:00,244.1100000000001,244.46000000000012,243.18000000000012,244.1300000000001,1894
2026-04-13T15:15:00+00:00,244.1300000000001,244.7900000000001,244.09000000000012,244.2500000000001,1729
2026-04-13T15:30:00+00:00,244.2500000000001,244.93000000000012,243.9700000000001,244.40000000000012,1880
2026-04-13T15:45:00+00:00,244.40000000000012,244.99000000000012,244.2500000000001,244.9700000000001,1435
2026-04-13T16:00:00+00:00,244.9700000000001,245.09000000000012,244.21000000000012,244.49000000000012,1618
2026-04-13T16:15:00+00:00,244.49000000000012,245.53000000000011,244.2000000000001,245.2000000000001,1397
2026-04-13T16:30:00+00:00,245.2000000000001,245.5100000000001,244.68000000000012,245.24000000000012,1783
2026-04-13T16:45:00+00:00,245.24000000000012,245.8600000000001,245.06000000000012,245.78000000000011,1553
2026-04-13T17:00:00+00:00,245.78000000000011,246.1000000000001,245.37000000000012,245.59000000000012,999
2026-04-13T17:15:00+00:00,245.59000000000012,246.02000000000012,245.5700000000001,246.0100000000001,922
2026-04-13T17:30:00+00:00,246.0100000000001,246.1100000000001,245.4500000000001,245.4500000000001,981
2026-04-13T17:45:00+00:00,245.4500000000001,245.49000000000012,244.8200000000001,244.8500000000001,862
2026-04-13T18:00:00+00:00,244.8500000000001,245.28000000000011,244.6300000000001,245.2300000000001,969
2026-04-13T18:15:00+00:00,245.2300000000001,245.4100000000001,244.74000000000012,245.33000000000013,1268
2026-04-13T18:30:00+00:00,245.33000000000013,245.99000000000012,245.28000000000011,245.81000000000012,1117
2026-04-13T18:45:00+00:00,245.81000000000012,246.87000000000012,245.80000000000013,246.7300000000001,1445
2026-04-13T19:00:00+00:00,246.7300000000001,246.8600000000001,246.3200000000001,246.5100000000001,1300
2026-04-13T19:15:00+00:00,246.5100000000001,246.93000000000012,246.4200000000001,246.7500000000001,1306
2026-04-13T19:30:00+00:00,246.7500000000001,247.06000000000012,246.08000000000013,246.34000000000012,1668
2026-04-13T19:45:00+00:00,246.34000000000012,247.09000000000012,246.1100000000001,246.62000000000012,3734
2026-04-14T13:30:00+00:00,246.62000000000012,251.7000000000001,245.4400000000001,247.6300000000001,3378
2026-04-14T13:45:00+00:00,247.6300000000001,249.4700000000001,246.59000000000012,247.59000000000012,3394
2026-04-14T14:00:00+00:00,247.59000000000012,248.46000000000012,246.3900000000001,248.4100000000001,2688
2026-04-14T14:15:00+00:00,248.4100000000001,248.9200000000001,248.1400000000001,248.68000000000012,1956
2026-04-14T14:30:00+00:00,248.68000000000012,249.2900000000001,248.3500000000001,248.6700000000001,1782
2026-04-14T14:45:00+00:00,248.6700000000001,249.68000000000012,248.6000000000001,249.27000000000012,1681
2026-04-14T15:00:00+00:00,249.27000000000012,249.3800000000001,247.8900000000001,249.18000000000012,1843
2026-04-14T15:15:00+00:00,249.18000000000012,251.24000000000012,249.06000000000012,250.84000000000012,1935
2026-04-14T15:30:00+00:00,250.84000000000012,251.6700000000001,250.81000000000012,251.52000000000012,2186
2026-04-14T15:45:00+00:00,251.52000000000012,252.15000000000012,251.40000000000012,251.6100000000001,1894
2026-04-14T16:00:00+00:00,251.6100000000001,252.33000000000013,251.55000000000013,252.33000000000013,1330
2026-04-14T16:15:00+00:00,252.33000000000013,252.78000000000011,252.33000000000013,252.6700000000001,1269
2026-04-14T16:30:00+00:00,252.6700000000001,252.87000000000012,252.31000000000012,252.8500000000001,1308
2026-04-14T16:45:00+00:00,252.8500000000001,252.8900000000001,251.9700000000001,252.08000000000013,1270
2026-04-14T17:00:00+00:00,252.08000000000013,252.6000000000001,252.06000000000012,252.52000000000012,1222
2026-04-14T17:15:00+00:00,252.52000000000012,253.43000000000012,252.4800000000001,253.1700000000001,1364
2026-04-14T17:30:00+00:00,253.1700000000001,253.62000000000012,253.1400000000001,253.4200000000001,1093
2026-04-14T17:45:00+00:00,253.4200000000001,253.4500000000001,253.0400000000001,253.3800000000001,1074
2026-04-14T18:00:00+00:00,253.3800000000001,253.6100000000001,253.12000000000012,253.21000000000012,1038
2026-04-14T18:15:00+00:00,253.21000000000012,253.27000000000012,252.55000000000013,253.2000000000001,2039
2026-04-14T18:30:00+00:00,253.2000000000001,253.6300000000001,253.08000000000013,253.18000000000012,1379
2026-04-14T18:45:00+00:00,253.18000000000012,254.03000000000011,253.15000000000012,253.93000000000012,1328
2026-04-14T19:00:00+00:00,253.93000000000012,254.49000000000012,253.78000000000011,254.34000000000012,1503
2026-04-14T19:15:00+00:00,254.34000000000012,255.09000000000012,254.2900000000001,254.9700000000001,1547
2026-04-14T19:30:00+00:00,254.9700000000001,255.2500000000001,254.43000000000012,254.6700000000001,2389
2026-04-14T19:45:00+00:00,254.6700000000001,255.12000000000012,254.6400000000001,254.87000000000012,3618
2026-04-15T13:30:00+00:00,254.87000000000012,256.22000000000014,253.02000000000012,253.30000000000013,3402
2026-04-15T13:45:00+00:00,253.30000000000013,255.34000000000012,253.2000000000001,255.2900000000001,3011
2026-04-15T14:00:00+00:00,255.2900000000001,255.58000000000013,254.37000000000012,254.5100000000001,2566
2026-04-15T14:15:00+00:00,254.5100000000001,255.8900000000001,254.1900000000001,255.8800000000001,2312
2026-04-15T14:30:00+00:00,255.8800000000001,257.3500000000001,255.71000000000012,256.86000000000007,2399
2026-04-15T14:45:00+00:00,256.86000000000007,256.9100000000001,256.2000000000001,256.27000000000004,1842.6845490625428
2026-04-15T15:00:00+00:00,256.27000000000004,256.5400000000001,255.42000000000004,256.3500000000001,1964
2026-04-15T15:15:00+00:00,256.3500000000001,256.68000000000006,255.83000000000004,256.39000000000004,1631
2026-04-15T15:30:00+00:00,256.39000000000004,256.66,255.62000000000006,256.3500000000001,1648
2026-04-15T15:45:00+00:00,256.3500000000001,257.16,255.62000000000006,255.74000000000007,1848
2026-04-15T16:00:00+00:00,255.74000000000007,256.05000000000007,255.55000000000004,255.86000000000004,1316
2026-04-15T16:15:00+00:00,255.86000000000004,256.3500000000001,255.56000000000006,255.62000000000006,1470
2026-04-15T16:30:00+00:00,255.62000000000006,255.65000000000006,253.61000000000004,253.66000000000005,2572
2026-04-15T16:45:00+00:00,253.66000000000005,253.80000000000004,251.52000000000004,252.91000000000005,3447
2026-04-15T17:00:00+00:00,252.91000000000005,253.78000000000006,252.72000000000006,253.46000000000006,2196
2026-04-15T17:15:00+00:00,253.46000000000006,253.77000000000004,253.11000000000004,253.57000000000005,1514
2026-04-15T17:30:00+00:00,253.57000000000005,254.39000000000004,253.52000000000004,253.62000000000006,1601
2026-04-15T17:45:00+00:00,253.62000000000006,254.28000000000006,253.60000000000005,253.86000000000004,1412
2026-04-15T18:00:00+00:00,253.86000000000004,254.47000000000006,253.37000000000006,254.19000000000005,2155
2026-04-15T18:15:00+00:00,254.19000000000005,254.72000000000006,253.96000000000006,254.46000000000006,1269
2026-04-15T18:30:00+00:00,254.46000000000006,254.93000000000006,254.43000000000006,254.69000000000005,1332
2026-04-15T18:45:00+00:00,254.69000000000005,255.26000000000005,254.62000000000006,255.01000000000005,1185
2026-04-15T19:00:00+00:00,255.01000000000005,255.91000000000003,254.86000000000004,255.56000000000006,1589
2026-04-15T19:15:00+00:00,255.56000000000006,256.49000000000007,255.55000000000004,256.4800000000001,1406
2026-04-15T19:30:00+00:00,256.4800000000001,257.18000000000006,256.38000000000005,256.43000000000006,1957
2026-04-15T19:45:00+00:00,256.43000000000006,257.90000000000003,256.33000000000004,257.84000000000003,3398
2026-04-16T13:30:00+00:00,257.84000000000003,269.7300000000001,257.84000000000003,265.09000000000003,5215
2026-04-16T13:45:00+00:00,265.09000000000003,265.96000000000004,261.22,262.94000000000005,4466
2026-04-16T14:00:00+00:00,262.94000000000005,265.57000000000005,262.88000000000005,264.55000000000007,4053
2026-04-16T14:15:00+00:00,264.55000000000007,267.07000000000005,263.26000000000005,266.55000000000007,3489
2026-04-16T14:30:00+00:00,266.55000000000007,268.41,266.51000000000005,268.07000000000005,3605
2026-04-16T14:45:00+00:00,268.07000000000005,272.21000000000004,267.91,270.63000000000005,3949
2026-04-16T15:00:00+00:00,270.63000000000005,272.77000000000004,270.1700000000001,271.2300000000001,3345
2026-04-16T15:15:00+00:00,271.2300000000001,274.97,271.03000000000003,274.77000000000004,3351
2026-04-16T15:30:00+00:00,274.77000000000004,276.4200000000001,274.52000000000004,276.27000000000004,3785
2026-04-16T15:45:00+00:00,276.27000000000004,277.99000000000007,274.80000000000007,277.6000000000001,3188
2026-04-16T16:00:00+00:00,277.6000000000001,278.89000000000004,276.21000000000004,278.89000000000004,2849
2026-04-16T16:15:00+00:00,278.89000000000004,279.00000000000006,277.32000000000005,277.39000000000004,2737
2026-04-16T16:30:00+00:00,277.39000000000004,277.49000000000007,275.0400000000001,276.63000000000005,3923
2026-04-16T16:45:00+00:00,276.63000000000005,278.33000000000004,276.51000000000005,277.1000000000001,2966
2026-04-16T17:00:00+00:00,277.1000000000001,277.43000000000006,275.68000000000006,275.74000000000007,2580
2026-04-16T17:15:00+00:00,275.74000000000007,276.75000000000006,275.0400000000001,276.05000000000007,2738
2026-04-16T17:30:00+00:00,276.05000000000007,276.37000000000006,275.22,275.75000000000006,2312
2026-04-16T17:45:00+00:00,275.75000000000006,275.96000000000004,273.93000000000006,274.3500000000001,2476
2026-04-16T18:00:00+00:00,274.3500000000001,274.82000000000005,272.86000000000007,273.64000000000004,3112
2026-04-16T18:15:00+00:00,273.64000000000004,273.78000000000003,271.64000000000004,272.34000000000003,2886
2026-04-16T18:30:00+00:00,272.34000000000003,273.14000000000004,272.2300000000001,272.87000000000006,2470
2026-04-16T18:45:00+00:00,272.87000000000006,273.4200000000001,272.71000000000004,273.1000000000001,2121
2026-04-16T19:00:00+00:00,273.1000000000001,274.22,273.05000000000007,273.95000000000005,2404
2026-04-16T19:15:00+00:00,273.95000000000005,275.01000000000005,273.95000000000005,274.76000000000005,2114
2026-04-16T19:30:00+00:00,274.76000000000005,277.22,274.76000000000005,277.00000000000006,2507
2026-04-16T19:45:00+00:00,277.00000000000006,277.99000000000007,276.68000000000006,277.87000000000006,4689
2026-04-17T13:30:00+00:00,277.87000000000006,278.52000000000004,273.83000000000004,276.66,3372
2026-04-17T13:45:00+00:00,276.66,278.14000000000004,274.81000000000006,276.2300000000001,4121
2026-04-17T14:00:00+00:00,276.2300000000001,279.18000000000006,275.9200000000001,278.62000000000006,2969
2026-04-17T14:15:00+00:00,278.62000000000006,278.90000000000003,276.91,278.2300000000001,2778
2026-04-17T14:30:00+00:00,278.2300000000001,279.15000000000003,277.13000000000005,277.83000000000004,2593
2026-04-17T14:45:00+00:00,277.83000000000004,278.99000000000007,276.74000000000007,277.21000000000004,2610.3800659754947
2026-04-17T15:00:00+00:00,277.21000000000004,277.50000000000006,276.67,277.18,2308
2026-04-17T15:15:00+00:00,277.18,277.63000000000005,276.63000000000005,277.22,1980
2026-04-17T15:30:00+00:00,277.22,277.79,275.72,275.92,1921
2026-04-17T15:45:00+00:00,275.92,277.13000000000005,275.89000000000004,275.96000000000004,2020
2026-04-17T16:00:00+00:00,275.96000000000004,278.75000000000006,275.89000000000004,278.24,1997
2026-04-17T16:15:00+00:00,278.24,278.56000000000006,277.58000000000004,278.24,1913
2026-04-17T16:30:00+00:00,278.24,278.89000000000004,278.07000000000005,278.68,1856
2026-04-17T16:45:00+00:00,278.68,279.71000000000004,278.65000000000003,279.28000000000003,2172
2026-04-17T17:00:00+00:00,279.28000000000003,279.67,277.95000000000005,279.40000000000003,2390
2026-04-17T17:15:00+00:00,279.40000000000003,279.69000000000005,277.23,278.16,3048
2026-04-17T17:30:00+00:00,278.16,278.74,277.75000000000006,278.61,1714
2026-04-17T17:45:00+00:00,278.61,279.37,278.6,278.94000000000005,1562
2026-04-17T18:00:00+00:00,278.94000000000005,279.35,278.12,278.34000000000003,1984
2026-04-17T18:15:00+00:00,278.34000000000003,278.85,277.87,278.07000000000005,2077
2026-04-17T18:30:00+00:00,278.07000000000005,278.42,277.32000000000005,277.71000000000004,1543
2026-04-17T18:45:00+00:00,277.71000000000004,277.74,276.78000000000003,277.15000000000003,1723
2026-04-17T19:00:00+00:00,277.15000000000003,277.34000000000003,276.69000000000005,276.88000000000005,1888
2026-04-17T19:15:00+00:00,276.88000000000005,277.8,276.88000000000005,277.75000000000006,2005
2026-04-17T19:30:00+00:00,277.75000000000006,278.31000000000006,277.43,277.64000000000004,2396
2026-04-17T19:45:00+00:00,277.64000000000004,278.16,277.13000000000005,277.94000000000005,3653
2026-04-20T13:30:00+00:00,277.94000000000005,287.08000000000004,277.94000000000005,282.11,4088
2026-04-20T13:45:00+00:00,282.11,282.20000000000005,279.04,279.27000000000004,3681
2026-04-20T14:00:00+00:00,279.27000000000004,279.35,275.3,276.98,3515
2026-04-20T14:15:00+00:00,276.98,277.18,274.39000000000004,276.31000000000006,2533
2026-04-20T14:30:00+00:00,276.31000000000006,277.6,275.75000000000006,276.34000000000003,2419
2026-04-20T14:45:00+00:00,276.34000000000003,276.41,273.69000000000005,273.94000000000005,2758
2026-04-20T15:00:00+00:00,273.94000000000005,274.70000000000005,271.79,274.1,2735
2026-04-20T15:15:00+00:00,274.1,275.70000000000005,273.74,275.31000000000006,2463
2026-04-20T15:30:00+00:00,275.31000000000006,275.32000000000005,274.05,274.3,1645
2026-04-20T15:45:00+00:00,274.3,275.23,273.92,274.27000000000004,1453
2026-04-20T16:00:00+00:00,274.27000000000004,274.83000000000004,274.12,274.61,1273
2026-04-20T16:15:00+00:00,274.61,274.64000000000004,273.22,273.69000000000005,1250
2026-04-20T16:30:00+00:00,273.69000000000005,274.11,273.35,273.94000000000005,1153
2026-04-20T16:45:00+00:00,273.94000000000005,274.03000000000003,272.87,273.33000000000004,1208
2026-04-20T17:00:00+00:00,273.33000000000004,273.70000000000005,272.99,273.31000000000006,1201
2026-04-20T17:15:00+00:00,273.31000000000006,273.46000000000004,272.61,272.62,1039
2026-04-20T17:30:00+00:00,272.62,273.48,272.53000000000003,273.05,1512
2026-04-20T17:45:00+00:00,273.05,273.92,272.92,273.68,1123
2026-04-20T18:00:00+00:00,273.68,274.08000000000004,272.89000000000004,273.14000000000004,1087
2026-04-20T18:15:00+00:00,273.14000000000004,274.24,272.88000000000005,273.93,1200
2026-04-20T18:30:00+00:00,273.93,274.98,273.89000000000004,274.63000000000005,1190
2026-04-20T18:45:00+00:00,274.63000000000005,275.99,274.54,275.76000000000005,1085
2026-04-20T19:00:00+00:00,275.76000000000005,276.13000000000005,275.43,275.44000000000005,901
2026-04-20T19:15:00+00:00,275.44000000000005,275.46000000000004,274.49,275.16,1025
2026-04-20T19:30:00+00:00,275.16,275.47,274.59000000000003,274.67,998
2026-04-20T19:45:00+00:00,274.67,275.20000000000005,273.8,274.62,2824
2026-04-21T13:30:00+00:00,274.62,280.00000000000006,274.62,278.3,1444
2026-04-21T13:45:00+00:00,278.3,280.04,276.29,279.93,1417
2026-04-21T14:00:00+00:00,279.93,281.73,279.44000000000005,280.78000000000003,1118
2026-04-21T14:15:00+00:00,280.78000000000003,281.57000000000005,279.92,280.93,937
2026-04-21T14:30:00+00:00,280.93,281.14000000000004,279.81000000000006,280.20000000000005,837
2026-04-21T14:45:00+00:00,280.20000000000005,280.21000000000004,276.91,277.51000000000005,1779
2026-04-21T15:00:00+00:00,277.51000000000005,279.87,276.37,279.54,2878
2026-04-21T15:15:00+00:00,279.54,282.33000000000004,279.44000000000005,280.1,2386
2026-04-21T15:30:00+00:00,280.1,282.01000000000005,279.68,281.59000000000003,2347
2026-04-21T15:45:00+00:00,281.59000000000003,282.51000000000005,279.78000000000003,281.18,1757
2026-04-21T16:00:00+00:00,281.18,283.23,281.17,282.39000000000004,2029
2026-04-21T16:15:00+00:00,282.39000000000004,283.61,282.09000000000003,282.35,1557
2026-04-21T16:30:00+00:00,282.35,283.38000000000005,281.27000000000004,281.43,1461
2026-04-21T16:45:00+00:00,281.43,282.6,281.42,281.95000000000005,1166
2026-04-21T17:00:00+00:00,281.95000000000005,283.91,281.94000000000005,282.32000000000005,2356
2026-04-21T17:15:00+00:00,282.32000000000005,282.46000000000004,280.74,280.98,1613
2026-04-21T17:30:00+00:00,280.98,282.96000000000004,280.84000000000003,282.48,2000
2026-04-21T17:45:00+00:00,282.48,282.67,281.67,282.42,1272
2026-04-21T18:00:00+00:00,282.42,284.6,282.39000000000004,284.54,1335
2026-04-21T18:15:00+00:00,284.54,284.8,283.06000000000006,283.82000000000005,1796
2026-04-21T18:30:00+00:00,283.82000000000005,284.46000000000004,283.20000000000005,283.42,1110
2026-04-21T18:45:00+00:00,283.42,283.91,282.82000000000005,283.50000000000006,1595
2026-04-21T19:00:00+00:00,283.50000000000006,284.96000000000004,283.35,284.07000000000005,1483
2026-04-21T19:15:00+00:00,284.07000000000005,285.63000000000005,283.86,285.27000000000004,1596
2026-04-21T19:30:00+00:00,285.27000000000004,285.84000000000003,281.46000000000004,281.86,2430
2026-04-21T19:45:00+00:00,281.86,284.40000000000003,281.85,284.40000000000003,3096
2026-04-22T13:30:00+00:00,284.40000000000003,292.36,284.40000000000003,288.83000000000004,2708
2026-04-22T13:45:00+00:00,288.83000000000004,288.92,285.77000000000004,288.00000000000006,2601
2026-04-22T14:00:00+00:00,288.00000000000006,289.49,286.95000000000005,289.45000000000005,1956
2026-04-22T14:15:00+00:00,289.45000000000005,295.51000000000005,289.25000000000006,294.84000000000003,2759
2026-04-22T14:30:00+00:00,294.84000000000003,295.8,293.72,294.72,2782
2026-04-22T14:45:00+00:00,294.72,295.14000000000004,293.37,293.97,1788.4113503995666
2026-04-22T15:00:00+00:00,293.97,296.29,293.11,296.29,1913
2026-04-22T15:15:00+00:00,296.29,297.73,295.87000000000006,297.48,1786
2026-04-22T15:30:00+00:00,297.48,297.50000000000006,295.84000000000003,296.02000000000004,1588
2026-04-22T15:45:00+00:00,296.02000000000004,296.73,295.56000000000006,295.62000000000006,1157
2026-04-22T16:00:00+00:00,295.62000000000006,295.96000000000004,294.68000000000006,295.09000000000003,1151
2026-04-22T16:15:00+00:00,295.09000000000003,296.08000000000004,294.27000000000004,295.80000000000007,1193
2026-04-22T16:30:00+00:00,295.80000000000007,297.15000000000003,295.41,296.37000000000006,1425
2026-04-22T16:45:00+00:00,296.37000000000006,297.99000000000007,295.84000000000003,297.99000000000007,1435
2026-04-22T17:00:00+00:00,297.99000000000007,299.69000000000005,297.98,298.74000000000007,2149
2026-04-22T17:15:00+00:00,298.74000000000007,300.45000000000005,297.87000000000006,300.04,1450
2026-04-22T17:30:00+00:00,300.04,300.64000000000004,299.86,300.44000000000005,1287
2026-04-22T17:45:00+00:00,300.44000000000005,300.57000000000005,299.52000000000004,299.95000000000005,1333
2026-04-22T18:00:00+00:00,299.95000000000005,300.40000000000003,299.65000000000003,299.73,1276
2026-04-22T18:15:00+00:00,299.73,300.23,298.69000000000005,299.72,1535
2026-04-22T18:30:00+00:00,299.72,301.07000000000005,299.72,300.94000000000005,1268
2026-04-22T18:45:00+00:00,300.94000000000005,302.25000000000006,300.82000000000005,301.41,1406
2026-04-22T19:00:00+00:00,301.41,302.12000000000006,300.18000000000006,301.89000000000004,1806
2026-04-22T19:15:00+00:00,301.89000000000004,303.17,301.89000000000004,302.06000000000006,1418
2026-04-22T19:30:00+00:00,302.06000000000006,303.02000000000004,301.74000000000007,302.95000000000005,1471
2026-04-22T19:45:00+00:00,302.95000000000005,303.73,302.31000000000006,303.05000000000007,2960
2026-04-23T13:30:00+00:00,303.05000000000007,304.83000000000004,299.77000000000004,304.06000000000006,3404
2026-04-23T13:45:00+00:00,304.06000000000006,305.01000000000005,301.30000000000007,302.28000000000003,3553
2026-04-23T14:00:00+00:00,302.28000000000003,305.85,300.88000000000005,302.74000000000007,3577
2026-04-23T14:15:00+00:00,302.74000000000007,305.55000000000007,302.67,305.46000000000004,3082
2026-04-23T14:30:00+00:00,305.46000000000004,306.00000000000006,303.74000000000007,304.24000000000007,2352
2026-04-23T14:45:00+00:00,304.24000000000007,306.41,303.67,305.93000000000006,1944
2026-04-23T15:00:00+00:00,305.93000000000006,308.94000000000005,305.68000000000006,308.68000000000006,2302
2026-04-23T15:15:00+00:00,308.68000000000006,309.38000000000005,308.06000000000006,308.43000000000006,1967
2026-04-23T15:30:00+00:00,308.43000000000006,309.85,308.17,308.27000000000004,1939
2026-04-23T15:45:00+00:00,308.27000000000004,308.35,306.36,307.29,2561
2026-04-23T16:00:00+00:00,307.29,308.04,305.83000000000004,307.87000000000006,1987
2026-04-23T16:15:00+00:00,307.87000000000006,308.61,307.22,308.57000000000005,1619
2026-04-23T16:30:00+00:00,308.57000000000005,309.48,308.12000000000006,308.92,1600
2026-04-23T16:45:00+00:00,308.92,309.44000000000005,308.29,308.71000000000004,1549
2026-04-23T17:00:00+00:00,308.71000000000004,309.07000000000005,304.92,305.37000000000006,3637
2026-04-23T17:15:00+00:00,305.37000000000006,305.37000000000006,303.18000000000006,303.28000000000003,3709
2026-04-23T17:30:00+00:00,303.28000000000003,304.93000000000006,300.66,301.43000000000006,4261
2026-04-23T17:45:00+00:00,301.43000000000006,303.79,299.41,303.72,5449
2026-04-23T18:00:00+00:00,303.72,305.29,303.36,304.67,3573
2026-04-23T18:15:00+00:00,304.67,305.07000000000005,302.99000000000007,304.03000000000003,2276
2026-04-23T18:30:00+00:00,304.03000000000003,305.63000000000005,304.01000000000005,305.33000000000004,1805
2026-04-23T18:45:00+00:00,305.33000000000004,305.36,302.67,303.13000000000005,2026
2026-04-23T19:00:00+00:00,303.13000000000005,304.16,302.88000000000005,303.71000000000004,2226
2026-04-23T19:15:00+00:00,303.71000000000004,304.23,303.08000000000004,303.44000000000005,1277
2026-04-23T19:30:00+00:00,303.44000000000005,304.17,302.31000000000006,302.86,1887
2026-04-23T19:45:00+00:00,302.86,305.13000000000005,302.75000000000006,304.92,2208
2026-04-24T13:30:00+00:00,304.92,346.99000000000007,304.92,343.82000000000005,4614
2026-04-24T13:45:00+00:00,343.82000000000005,347.52000000000004,337.17,340.19000000000005,4687
2026-04-24T14:00:00+00:00,340.19000000000005,347.66,338.68000000000006,346.18000000000006,3962
2026-04-24T14:15:00+00:00,346.18000000000006,349.08000000000004,344.97,345.94000000000005,3936
2026-04-24T14:30:00+00:00,345.94000000000005,346.31000000000006,342.26000000000005,343.94000000000005,4006
2026-04-24T14:45:00+00:00,343.94000000000005,345.78000000000003,342.04,345.45,3864.1280201947347
2026-04-24T15:00:00+00:00,345.45,349.3,345.29,348.82,3371
2026-04-24T15:15:00+00:00,348.82,350.38,346.16,347.14,3621
2026-04-24T15:30:00+00:00,347.14,348.99,346.62,348.68,2489
2026-04-24T15:45:00+00:00,348.68,351.25,347.54,351.11,3876
2026-04-24T16:00:00+00:00,351.11,352.49,349.9,350.56,3216
2026-04-24T16:15:00+00:00,350.56,350.95,349.74,350.57,1908
2026-04-24T16:30:00+00:00,350.57,352.15,349.37,349.59,2255
2026-04-24T16:45:00+00:00,349.59,350.5,347.81,347.95,2387
2026-04-24T17:00:00+00:00,347.95,349.17,347.3,347.95,2051
2026-04-24T17:15:00+00:00,347.95,348.03000000000003,345.91,346.19,1884
2026-04-24T17:30:00+00:00,346.19,348.64,345.99,348.23,2014
2026-04-24T17:45:00+00:00,348.23,349.35,347.22,348.49,1807
2026-04-24T18:00:00+00:00,348.49,349,346.76,346.9,1877
2026-04-24T18:15:00+00:00,346.9,346.93,345.46,345.67,1736
2026-04-24T18:30:00+00:00,345.67,347.82,345.64,346.33,1663
2026-04-24T18:45:00+00:00,346.33,346.76,345.21,345.54,1723
2026-04-24T19:00:00+00:00,345.54,346.2,344.15,344.67,1805
2026-04-24T19:15:00+00:00,344.67,346.45,344.61,345.96,1933
2026-04-24T19:30:00+00:00,345.96,346.46,345.19,346.41,2004
2026-04-24T19:45:00+00:00,346.41,347.54,345.03000000000003,347.46,3134
2026-04-27T13:30:00+00:00,347.46,348.61,330.01,333,4151
2026-04-27T13:45:00+00:00,333,336.62,328.45,335.44,3635
2026-04-27T14:00:00+00:00,335.44,337.41,333,337.15,2843
2026-04-27T14:15:00+00:00,337.15,337.51,334.34,334.34,2179
2026-04-27T14:30:00+00:00,334.34,336.78000000000003,332.75,335.36,2074
2026-04-27T14:45:00+00:00,335.36,336.51,333.87,335.04,1737
2026-04-27T15:00:00+00:00,335.04,335.94,332.63,333.99,1740
2026-04-27T15:15:00+00:00,333.99,335.61,332.24,333.04,1592
2026-04-27T15:30:00+00:00,333.04,333.65,331.63,333.14,1623
2026-04-27T15:45:00+00:00,333.14,333.79,332.09,332.25,1416
2026-04-27T16:00:00+00:00,332.25,332.99,331.2,332.45,1426
2026-04-27T16:15:00+00:00,332.45,335.9,332.03000000000003,332.47,1664
2026-04-27T16:30:00+00:00,332.47,333.92,331.5,333.62,1032
2026-04-27T16:45:00+00:00,333.62,334.66,333.06,333.6,1271
2026-04-27T17:00:00+00:00,333.6,334.19,332.65,334.03000000000003,947
2026-04-27T17:15:00+00:00,334.03000000000003,334.83,333.05,334.61,1138
2026-04-27T17:30:00+00:00,334.61,335.48,334.49,335.23,981
2026-04-27T17:45:00+00:00,335.23,336.54,334.65,334.66,1038
2026-04-27T18:00:00+00:00,334.66,335.29,334.3,334.8,748
2026-04-27T18:15:00+00:00,334.8,336.35,334.55,335.67,922
2026-04-27T18:30:00+00:00,335.67,337.18,335.67,336.5,1199
2026-04-27T18:45:00+00:00,336.5,337.36,335.42,336.75,1108
2026-04-27T19:00:00+00:00,336.75,337.22,335.45,336.29,1103
2026-04-27T19:15:00+00:00,336.29,336.61,335.19,336.48,1048
2026-04-27T19:30:00+00:00,336.48,336.7,335.01,335.17,1310
2026-04-27T19:45:00+00:00,335.17,335.9,333.8,333.87,2013
2026-04-28T13:30:00+00:00,333.87,333.87,309.64,323.34,4264
2026-04-28T13:45:00+00:00,323.34,323.85,319.73,322.51,2857
2026-04-28T14:00:00+00:00,322.51,325.95,321.06,324.87,2365
2026-04-28T14:15:00+00:00,324.87,327.09,322.93,323.55,2408
2026-04-28T14:30:00+00:00,323.55,323.71,317.25,319.65,2593
2026-04-28T14:45:00+00:00,319.65,319.94,315.85,319.28000000000003,2922
2026-04-28T15:00:00+00:00,319.28000000000003,321.17,318.4,320.75,2306
2026-04-28T15:15:00+00:00,320.75,321.17,318.16,319.04,1741
2026-04-28T15:30:00+00:00,319.04,319.23,317.77,317.99,1677
2026-04-28T15:45:00+00:00,317.99,319.86,317.44,319.53000000000003,1478
2026-04-28T16:00:00+00:00,319.53000000000003,321.01,318.75,320.01,1438
2026-04-28T16:15:00+00:00,320.01,321.42,319.96,320.16,1174
2026-04-28T16:30:00+00:00,320.16,320.53000000000003,318.77,320.02,1218
2026-04-28T16:45:00+00:00,320.02,322.05,319.92,321.78000000000003,1313
2026-04-28T17:00:00+00:00,321.78000000000003,321.96,320.87,321.29,1001
2026-04-28T17:15:00+00:00,321.29,322.39,320.98,322.25,970
2026-04-28T17:30:00+00:00,322.25,324.26,322.25,323.54,1200
2026-04-28T17:45:00+00:00,323.54,324.72,323.47,324.47,1093
2026-04-28T18:00:00+00:00,324.47,324.77,324.05,324.27,957
2026-04-28T18:15:00+00:00,324.27,325.84,324.19,325.58,1169
2026-04-28T18:30:00+00:00,325.58,325.83,324.15,324.85,1117
2026-04-28T18:45:00+00:00,324.85,325.4,323.95,325.19,1043
2026-04-28T19:00:00+00:00,325.19,326.32,325.01,325.01,1051
2026-04-28T19:15:00+00:00,325.01,325.03000000000003,323.72,324.17,1228
2026-04-28T19:30:00+00:00,324.17,325.08,323.37,323.71,1208
2026-04-28T19:45:00+00:00,323.71,323.77,322.22,322.71,2267
2026-04-29T13:30:00+00:00,322.71,326.45,318.52,320.67,2663
2026-04-29T13:45:00+00:00,320.67,323.97,319.31,322.86,2207
2026-04-29T14:00:00+00:00,322.86,322.95,319.36,321.92,2292
2026-04-29T14:15:00+00:00,321.92,327.56,321.65,326.26,2282
2026-04-29T14:30:00+00:00,326.26,331.29,325.81,330.81,3026
2026-04-29T14:45:00+00:00,330.81,332.96,329.35,332.2,2192.2091160220994
2026-04-29T15:00:00+00:00,332.2,333.55,328.13,328.89,2020
2026-04-29T15:15:00+00:00,328.89,330.02,327.34999999999997,327.69,1634
2026-04-29T15:30:00+00:00,327.69,328.38,326.46,328.28,1398
2026-04-29T15:45:00+00:00,328.28,328.53,326.57,327.65,1410
2026-04-29T16:00:00+00:00,327.65,328.43,326.96999999999997,326.96999999999997,947
2026-04-29T16:15:00+00:00,326.96999999999997,327.77,325.73,327.65,1064
2026-04-29T16:30:00+00:00,327.65,330.45,326.82,329.51,1487
2026-04-29T16:45:00+00:00,329.51,330.73,329.05,330.46999999999997,944
2026-04-29T17:00:00+00:00,330.46999999999997,332.13,329.96,332.07,924
2026-04-29T17:15:00+00:00,332.07,332.93,331.31,332.90999999999997,1086
2026-04-29T17:30:00+00:00,332.90999999999997,333.43,331.8,331.96999999999997,1180
2026-04-29T17:45:00+00:00,331.96999999999997,334.96,331.57,334.65999999999997,1219
2026-04-29T18:00:00+00:00,334.65999999999997,335.26,332.9,333.61,1580
2026-04-29T18:15:00+00:00,333.61,335.96999999999997,333.56,335.28,1159
2026-04-29T18:30:00+00:00,335.28,337.15,334.57,335.92,1835
2026-04-29T18:45:00+00:00,335.92,337.96,335.34999999999997,337.03,1847
2026-04-29T19:00:00+00:00,337.03,338.51,336.62,338.25,1590
2026-04-29T19:15:00+00:00,338.25,339.79,338.06,338.9,1807
2026-04-29T19:30:00+00:00,338.9,339.23,336.46,336.84,1647
2026-04-29T19:45:00+00:00,336.84,337.03,335.59999999999997,336.61,2349
2026-04-30T13:30:00+00:00,336.61,340.67,332.15,339.57,3388
2026-04-30T13:45:00+00:00,339.57,342.59999999999997,336.4,342.26,3239
2026-04-30T14:00:00+00:00,342.26,345.33,341.27,344.87,3609
2026-04-30T14:15:00+00:00,344.87,344.87,340.67,342.59,3186
2026-04-30T14:30:00+00:00,342.59,343.68,337.36,340.40999999999997,3377
2026-04-30T14:45:00+00:00,340.40999999999997,345.4,340.2,345.06,3214
2026-04-30T15:00:00+00:00,345.06,348.65999999999997,345.06,347.89,3227
2026-04-30T15:15:00+00:00,347.89,348.42,346.46,347.78,2254
2026-04-30T15:30:00+00:00,347.78,350.3,345.68,345.96999999999997,2687
2026-04-30T15:45:00+00:00,345.96999999999997,347.54,345.15,346.39,1940
2026-04-30T16:00:00+00:00,346.39,348.57,346.01,348.43,1669
2026-04-30T16:15:00+00:00,348.43,349.09999999999997,347.48,349.09999999999997,1389
2026-04-30T16:30:00+00:00,349.09999999999997,350.55,348.76,349.38,1637
2026-04-30T16:45:00+00:00,349.38,349.55,348.42,349.33,1837
2026-04-30T17:00:00+00:00,349.33,352.15,349.31,351.58,2009
2026-04-30T17:15:00+00:00,351.58,351.88,350.98,351.65999999999997,1590
2026-04-30T17:30:00+00:00,351.65999999999997,353.01,351.65999999999997,352.77,1768
2026-04-30T17:45:00+00:00,352.77,354.34999999999997,352.65999999999997,353.78,1837
2026-04-30T18:00:00+00:00,353.78,354.40999999999997,352.43,352.76,1949
2026-04-30T18:15:00+00:00,352.76,353.34,351.2,351.65,1698
2026-04-30T18:30:00+00:00,351.65,352.67,351.26,351.8,1680
2026-04-30T18:45:00+00:00,351.8,352.14,350.68,350.88,1832
2026-04-30T19:00:00+00:00,350.88,352.38,350.62,352.33,1698
2026-04-30T19:15:00+00:00,352.33,352.7,352.05,352.40999999999997,1685
2026-04-30T19:30:00+00:00,352.40999999999997,353.3,352.09999999999997,352.73,1968
2026-04-30T19:45:00+00:00,352.73,354.56,352.71,354.25,3606
2026-05-01T13:30:00+00:00,354.25,357.59999999999997,349.15,354.25,2882
2026-05-01T13:45:00+00:00,354.25,355.89,351.05,355.84,2256
2026-05-01T14:00:00+00:00,355.84,356.71,353.14,354.42,2042
2026-05-01T14:15:00+00:00,354.42,354.48,351.74,351.75,1622
2026-05-01T14:30:00+00:00,351.75,352.84999999999997,348.93,352.17,2113
2026-05-01T14:45:00+00:00,352.17,352.82,350.65,351.09,1386.9509896324223
2026-05-01T15:00:00+00:00,351.09,352.99,350.46,352.82,1186
2026-05-01T15:15:00+00:00,352.82,354.21,352.66999999999996,353.52,1177
2026-05-01T15:30:00+00:00,353.52,354.72999999999996,353.28999999999996,354.37,1001
2026-05-01T15:45:00+00:00,354.37,354.88,352.66999999999996,354.69,1083
2026-05-01T16:00:00+00:00,354.69,356.27,354.5,355.59999999999997,1056
2026-05-01T16:15:00+00:00,355.59999999999997,357.64,355.57,356.15999999999997,1496
2026-05-01T16:30:00+00:00,356.15999999999997,357.69,355.93,357.16999999999996,1086
2026-05-01T16:45:00+00:00,357.16999999999996,358.26,356.51,357.97999999999996,1084
2026-05-01T17:00:00+00:00,357.97999999999996,359.59999999999997,357.77,359.46,1100
2026-05-01T17:15:00+00:00,359.46,359.71,358.53,359.45,1080
2026-05-01T17:30:00+00:00,359.45,361.71,359.21,361.64,1321
2026-05-01T17:45:00+00:00,361.64,362.4,361.02,361.56,1288
2026-05-01T18:00:00+00:00,361.56,361.85999999999996,360.37,360.43,1327
2026-05-01T18:15:00+00:00,360.43,361.15999999999997,359.97999999999996,360.28999999999996,967
2026-05-01T18:30:00+00:00,360.28999999999996,360.28999999999996,358.15999999999997,358.26,1311
2026-05-01T18:45:00+00:00,358.26,358.38,356.9,357.40999999999997,1308
2026-05-01T19:00:00+00:00,357.40999999999997,359.57,356.94,359.40999999999997,919
2026-05-01T19:15:00+00:00,359.40999999999997,361.53999999999996,359.31,360.71,1179
2026-05-01T19:30:00+00:00,360.71,360.76,359.15999999999997,359.5,1181
2026-05-01T19:45:00+00:00,359.5,360.4,357.96999999999997,359.89,2303
2026-05-04T13:30:00+00:00,359.89,361.19,348.34,348.88,3480
2026-05-04T13:45:00+00:00,348.88,352,346.16999999999996,351.83,3407
2026-05-04T14:00:00+00:00,351.83,352.72999999999996,346.93,346.93,2616
2026-05-04T14:15:00+00:00,346.93,346.93,342.5,342.53,2945
2026-05-04T14:30:00+00:00,342.53,347.13,342.35999999999996,346.65,2233
2026-05-04T14:45:00+00:00,346.65,347.82,345.34,346.39,2118
2026-05-04T15:00:00+00:00,346.39,346.83,344,344.25,2084
2026-05-04T15:15:00+00:00,344.25,344.62,339.78,341.68,3134
2026-05-04T15:30:00+00:00,341.68,341.94,338.35999999999996,341.45,2612
2026-05-04T15:45:00+00:00,341.45,342.28,339.91999999999996,341.63,2146
2026-05-04T16:00:00+00:00,341.63,341.96999999999997,338.68,339.53999999999996,2313
2026-05-04T16:15:00+00:00,339.53999999999996,341.09,338.49,340.59,2340
2026-05-04T16:30:00+00:00,340.59,341.57,339.55,341.2,1648
2026-05-04T16:45:00+00:00,341.2,342.84,340.41999999999996,341.93,1837
2026-05-04T17:00:00+00:00,341.93,343.19,341.78,342.02,1719
2026-05-04T17:15:00+00:00,342.02,344.07,341.87,343.93,1744
2026-05-04T17:30:00+00:00,343.93,344.39,342.85999999999996,343.06,1623
2026-05-04T17:45:00+00:00,343.06,344.03999999999996,342.65999999999997,343.84999999999997,1472
2026-05-04T18:00:00+00:00,343.84999999999997,344.46999999999997,343.34999999999997,343.66999999999996,1458
2026-05-04T18:15:00+00:00,343.66999999999996,343.91999999999996,342.38,343.82,1702
2026-05-04T18:30:00+00:00,343.82,343.87,342.46,342.57,1588
2026-05-04T18:45:00+00:00,342.57,342.74,341.88,342.47999999999996,1993
2026-05-04T19:00:00+00:00,342.47999999999996,343.14,341.91999999999996,342.72999999999996,1839
2026-05-04T19:15:00+00:00,342.72999999999996,342.94,341.03,342,1729
2026-05-04T19:30:00+00:00,342,343.59999999999997,341.87,343.34999999999997,1725
2026-05-04T19:45:00+00:00,343.34999999999997,344.56,340.62,341.03,3519
2026-05-05T13:30:00+00:00,341.03,354.08,341.03,350.51,3555
2026-05-05T13:45:00+00:00,350.51,352.02,347.16999999999996,347.2,3059
2026-05-05T14:00:00+00:00,347.2,348.89,345.35999999999996,345.99,2379
2026-05-05T14:15:00+00:00,345.99,350.47999999999996,344.53999999999996,349.56,2697
2026-05-05T14:30:00+00:00,349.56,352.56,349.56,350.78,2434
2026-05-05T14:45:00+00:00,350.78,351.78999999999996,349.69,350.43,1915
2026-05-05T15:00:00+00:00,350.43,351.58,349.66999999999996,351.25,1758
2026-05-05T15:15:00+00:00,351.25,352.53,349.68,350.47999999999996,1861
2026-05-05T15:30:00+00:00,350.47999999999996,355.02,350.32,353.97999999999996,2167
2026-05-05T15:45:00+00:00,353.97999999999996,355.83,353.37,354.71,1752
2026-05-05T16:00:00+00:00,354.71,355.08,352.89,353.66999999999996,1603
2026-05-05T16:15:00+00:00,353.66999999999996,354.59,351.71,351.94,1555
2026-05-05T16:30:00+00:00,351.94,352.71,350.91999999999996,352.2,1481
2026-05-05T16:45:00+00:00,352.2,355.09999999999997,352.16999999999996,354.34,1197
2026-05-05T17:00:00+00:00,354.34,355.08,353.66999999999996,353.93,1199
2026-05-05T17:15:00+00:00,353.93,354.59999999999997,353.4,354.43,1063
2026-05-05T17:30:00+00:00,354.43,355.28,354.07,355.02,1199
2026-05-05T17:45:00+00:00,355.02,356.53999999999996,355.01,355.99,1402
2026-05-05T18:00:00+00:00,355.99,359.13,355.87,357.46,2062
2026-05-05T18:15:00+00:00,357.46,357.66999999999996,356.68,356.97999999999996,1162
2026-05-05T18:30:00+00:00,356.97999999999996,358.75,356.69,357.88,1522
2026-05-05T18:45:00+00:00,357.88,357.88,355.37,355.46,1532
2026-05-05T19:00:00+00:00,355.46,356.45,354.82,355.95,1584
2026-05-05T19:15:00+00:00,355.95,356.07,352.25,355.06,1808
2026-05-05T19:30:00+00:00,355.06,357.49,354.71,355.84,2066
2026-05-05T19:45:00+00:00,355.84,355.91999999999996,352.89,354.74,3459
2026-05-06T13:30:00+00:00,354.74,429.32,354.74,427.69,7145
2026-05-06T13:45:00+00:00,427.69,429.74,410.96999999999997,410.97999999999996,4538
2026-05-06T14:00:00+00:00,410.97999999999996,415.9,408.22999999999996,412.68,4251
2026-05-06T14:15:00+00:00,412.68,413,401.71,405.34,4204
2026-05-06T14:30:00+00:00,405.34,411.5,404.40999999999997,409.28999999999996,3186
2026-05-06T14:45:00+00:00,409.28999999999996,412.96,408.68,409.3299999999999,2822.8997426155165
2026-05-06T15:00:00+00:00,409.3299999999999,410.4699999999999,406.67999999999995,410.17999999999995,2840
2026-05-06T15:15:00+00:00,410.17999999999995,417.10999999999996,410.16999999999996,416.75999999999993,2671
2026-05-06T15:30:00+00:00,416.75999999999993,418.5299999999999,413.8299999999999,414.8399999999999,2409
2026-05-06T15:45:00+00:00,414.8399999999999,416.38999999999993,412.50999999999993,413.7799999999999,2113
2026-05-06T16:00:00+00:00,413.7799999999999,415.66999999999996,413.06999999999994,413.87999999999994,1546
2026-05-06T16:15:00+00:00,413.87999999999994,414.1599999999999,410.93999999999994,412.1499999999999,1804
2026-05-06T16:30:00+00:00,412.1499999999999,414.61999999999995,411.5899999999999,412.55999999999995,1581
2026-05-06T16:45:00+00:00,412.55999999999995,413.25999999999993,410.2699999999999,411.44999999999993,1774
2026-05-06T17:00:00+00:00,411.44999999999993,415.0799999999999,410.94999999999993,413.8499999999999,1574
2026-05-06T17:15:00+00:00,413.8499999999999,415.16999999999996,413.8399999999999,413.97999999999996,1260
2026-05-06T17:30:00+00:00,413.97999999999996,416.0999999999999,413.94999999999993,415.93999999999994,1261
2026-05-06T17:45:00+00:00,415.93999999999994,416.85999999999996,413.7799999999999,416.63999999999993,1294
2026-05-06T18:00:00+00:00,416.63999999999993,418.2199999999999,415.94999999999993,417.5899999999999,1490
2026-05-06T18:15:00+00:00,417.5899999999999,419.86999999999995,416.3399999999999,419.75999999999993,1527
2026-05-06T18:30:00+00:00,419.75999999999993,422.75999999999993,419.13999999999993,422.2199999999999,2248
2026-05-06T18:45:00+00:00,422.2199999999999,422.68999999999994,418.0299999999999,418.13999999999993,1709
2026-05-06T19:00:00+00:00,418.13999999999993,419.49999999999994,416.92999999999995,418.41999999999996,1720
2026-05-06T19:15:00+00:00,418.41999999999996,420.6499999999999,418.4099999999999,419.41999999999996,1305
2026-05-06T19:30:00+00:00,419.41999999999996,419.41999999999996,416.3399999999999,416.35999999999996,1741
2026-05-06T19:45:00+00:00,416.35999999999996,421.5899999999999,416.3399999999999,421.48999999999995,2958
2026-05-07T13:30:00+00:00,421.48999999999995,421.48999999999995,410.3399999999999,410.66999999999996,3635
2026-05-07T13:45:00+00:00,410.66999999999996,417.6599999999999,410.5399999999999,414.87999999999994,3015
2026-05-07T14:00:00+00:00,414.87999999999994,417.2799999999999,411.62999999999994,416.11999999999995,2328
2026-05-07T14:15:00+00:00,416.11999999999995,421.42999999999995,416.11999999999995,418.88999999999993,2519
2026-05-07T14:30:00+00:00,418.88999999999993,421.43999999999994,418.3499999999999,419.38999999999993,2072
2026-05-07T14:45:00+00:00,419.38999999999993,420.17999999999995,414.1499999999999,414.1599999999999,2092
2026-05-07T15:00:00+00:00,414.1599999999999,414.42999999999995,411.0999999999999,411.41999999999996,2026
2026-05-07T15:15:00+00:00,411.41999999999996,412.75999999999993,410.5199999999999,411.0199999999999,1791
2026-05-07T15:30:00+00:00,411.0199999999999,412.42999999999995,409.8499999999999,410.60999999999996,1647
2026-05-07T15:45:00+00:00,410.60999999999996,410.66999999999996,405.88999999999993,406.99999999999994,2052
2026-05-07T16:00:00+00:00,406.99999999999994,407.94999999999993,403.68999999999994,403.98999999999995,2162
2026-05-07T16:15:00+00:00,403.98999999999995,406.8499999999999,402.2099999999999,405.9699999999999,2351
2026-05-07T16:30:00+00:00,405.9699999999999,408.16999999999996,405.1499999999999,405.69999999999993,1513
2026-05-07T16:45:00+00:00,405.69999999999993,407.12999999999994,404.37999999999994,406.3399999999999,1392
2026-05-07T17:00:00+00:00,406.3399999999999,406.5799999999999,402.60999999999996,403.24999999999994,1468
2026-05-07T17:15:00+00:00,403.24999999999994,404.54999999999995,400.91999999999996,403.0999999999999,2218
2026-05-07T17:30:00+00:00,403.0999999999999,407.25999999999993,402.47999999999996,405.81999999999994,1492
2026-05-07T17:45:00+00:00,405.81999999999994,407.5199999999999,404.3399999999999,407.29999999999995,1408
2026-05-07T18:00:00+00:00,407.29999999999995,408.6599999999999,405.47999999999996,405.7099999999999,1547
2026-05-07T18:15:00+00:00,405.7099999999999,407.1599999999999,404.29999999999995,404.7199999999999,1600
2026-05-07T18:30:00+00:00,404.7199999999999,406.2099999999999,404.47999999999996,405.17999999999995,1397
2026-05-07T18:45:00+00:00,405.17999999999995,407.17999999999995,404.18999999999994,406.48999999999995,1812
2026-05-07T19:00:00+00:00,406.48999999999995,407.69999999999993,405.0299999999999,406.7699999999999,1357
2026-05-07T19:15:00+00:00,406.7699999999999,406.98999999999995,404.94999999999993,405.36999999999995,1591
2026-05-07T19:30:00+00:00,405.36999999999995,409.19999999999993,405.19999999999993,408.12999999999994,1336
2026-05-07T19:45:00+00:00,408.12999999999994,409.5199999999999,407.29999999999995,408.0999999999999,2744
2026-05-08T13:30:00+00:00,408.0999999999999,431.4699999999999,408.0999999999999,428.92999999999995,3767
2026-05-08T13:45:00+00:00,428.92999999999995,434.48999999999995,428.8499999999999,432.2699999999999,3175
2026-05-08T14:00:00+00:00,432.2699999999999,436.9699999999999,431.41999999999996,434.25999999999993,2943
2026-05-08T14:15:00+00:00,434.25999999999993,440.9099999999999,433.92999999999995,435.30999999999995,3001
2026-05-08T14:30:00+00:00,435.30999999999995,435.8999999999999,431.94999999999993,434.2199999999999,2660
2026-05-08T14:45:00+00:00,434.2199999999999,436.29999999999995,432.60999999999996,435.3499999999999,2280.857533533012
2026-05-08T15:00:00+00:00,435.3499999999999,437.0299999999999,433.9099999999999,435.6499999999999,2168
2026-05-08T15:15:00+00:00,435.6499999999999,437.0099999999999,433.7999999999999,435.7199999999999,2038
2026-05-08T15:30:00+00:00,435.7199999999999,438.8799999999999,433.9899999999999,438.6299999999999,2046
2026-05-08T15:45:00+00:00,438.6299999999999,444.5699999999999,438.4699999999999,441.2599999999999,2213
2026-05-08T16:00:00+00:00,441.2599999999999,442.3099999999999,439.1699999999999,442.1299999999999,2023
2026-05-08T16:15:00+00:00,442.1299999999999,443.4899999999999,440.2999999999999,443.4199999999999,1703
2026-05-08T16:30:00+00:00,443.4199999999999,445.6899999999999,441.8399999999999,442.0499999999999,2074
2026-05-08T16:45:00+00:00,442.0499999999999,443.3399999999999,440.1899999999999,441.9999999999999,2206
2026-05-08T17:00:00+00:00,441.9999999999999,445.3999999999999,441.9899999999999,442.7299999999999,2187
2026-05-08T17:15:00+00:00,442.7299999999999,446.5799999999999,442.0999999999999,445.3399999999999,1912
2026-05-08T17:30:00+00:00,445.3399999999999,447.1399999999999,444.8099999999999,446.8599999999999,1599
2026-05-08T17:45:00+00:00,446.8599999999999,448.0899999999999,443.8899999999999,443.9199999999999,2043
2026-05-08T18:00:00+00:00,443.9199999999999,445.8899999999999,442.9399999999999,445.8299999999999,1666
2026-05-08T18:15:00+00:00,445.8299999999999,447.5499999999999,445.2899999999999,447.0699999999999,1544
2026-05-08T18:30:00+00:00,447.0699999999999,448.0099999999999,445.7599999999999,447.4399999999999,1573
2026-05-08T18:45:00+00:00,447.4399999999999,448.1199999999999,444.7299999999999,444.7299999999999,1928
2026-05-08T19:00:00+00:00,444.7299999999999,448.6299999999999,444.7299999999999,447.6999999999999,1623
2026-05-08T19:15:00+00:00,447.6999999999999,447.7999999999999,445.3599999999999,445.4199999999999,1684
2026-05-08T19:30:00+00:00,445.4199999999999,450.8499999999999,444.9599999999999,450.3899999999999,2159
2026-05-08T19:45:00+00:00,450.3899999999999,455.8699999999999,449.1499999999999,454.7799999999999,3750
2026-05-11T13:30:00+00:00,454.7799999999999,467.0799999999999,454.7799999999999,458.0599999999999,3444
2026-05-11T13:45:00+00:00,458.0599999999999,459.0699999999999,451.4299999999999,453.8899999999999,3528
2026-05-11T14:00:00+00:00,453.8899999999999,461.8499999999999,453.8699999999999,461.1899999999999,2813
2026-05-11T14:15:00+00:00,461.1899999999999,462.5299999999999,451.5199999999999,451.8499999999999,2558
2026-05-11T14:30:00+00:00,451.8499999999999,459.0799999999999,450.5699999999999,458.4499999999999,3166
2026-05-11T14:45:00+00:00,458.4499999999999,460.4999999999999,456.5199999999999,456.5299999999999,2695
2026-05-11T15:00:00+00:00,456.5299999999999,459.8199999999999,455.6899999999999,458.8899999999999,2422
2026-05-11T15:15:00+00:00,458.8899999999999,462.0799999999999,457.7899999999999,460.3499999999999,2417
2026-05-11T15:30:00+00:00,460.3499999999999,462.6099999999999,459.2899999999999,461.7199999999999,2036
2026-05-11T15:45:00+00:00,461.7199999999999,464.8799999999999,461.2999999999999,464.3399999999999,1841
2026-05-11T16:00:00+00:00,464.3399999999999,465.0899999999999,462.9399999999999,464.9799999999999,1649
2026-05-11T16:15:00+00:00,464.9799999999999,464.9799999999999,462.6099999999999,463.3199999999999,1462
2026-05-11T16:30:00+00:00,463.3199999999999,466.3099999999999,462.7099999999999,464.3499999999999,2039
2026-05-11T16:45:00+00:00,464.3499999999999,465.9499999999999,463.0799999999999,464.0199999999999,1584
2026-05-11T17:00:00+00:00,464.0199999999999,465.2599999999999,462.7499999999999,463.3199999999999,1516
2026-05-11T17:15:00+00:00,463.3199999999999,465.9199999999999,461.4599999999999,464.9299999999999,1760
2026-05-11T17:30:00+00:00,464.9299999999999,466.0999999999999,464.3399999999999,464.5199999999999,1304
2026-05-11T17:45:00+00:00,464.5199999999999,467.3499999999999,464.3999999999999,465.6399999999999,1395
2026-05-11T18:00:00+00:00,465.6399999999999,468.8399999999999,465.5499999999999,468.1599999999999,1344
2026-05-11T18:15:00+00:00,468.1599999999999,468.3599999999999,466.2499999999999,466.3899999999999,1307
2026-05-11T18:30:00+00:00,466.3899999999999,466.6999999999999,463.8899999999999,464.8999999999999,1424
2026-05-11T18:45:00+00:00,464.8999999999999,465.7899999999999,462.7199999999999,463.0499999999999,1577
2026-05-11T19:00:00+00:00,463.0499999999999,466.1299999999999,462.6899999999999,463.0399999999999,2042
2026-05-11T19:15:00+00:00,463.0399999999999,463.4799999999999,458.8899999999999,459.2899999999999,2059
2026-05-11T19:30:00+00:00,459.2899999999999,460.1999999999999,456.1399999999999,456.8299999999999,2470
2026-05-11T19:45:00+00:00,456.8299999999999,459.6199999999999,455.9899999999999,458.5899999999999,2817
2026-05-12T13:30:00+00:00,458.5899999999999,458.5899999999999,444.6999999999999,456.9699999999999,5186
2026-05-12T13:45:00+00:00,456.9699999999999,458.2799999999999,447.9399999999999,448.1999999999999,5008
2026-05-12T14:00:00+00:00,448.1999999999999,452.9099999999999,446.6899999999999,452.4199999999999,4808
2026-05-12T14:15:00+00:00,452.4199999999999,454.7699999999999,446.0399999999999,446.2099999999999,3858
2026-05-12T14:30:00+00:00,446.2099999999999,449.8499999999999,442.8899999999999,447.4999999999999,5744
2026-05-12T14:45:00+00:00,447.4999999999999,447.6799999999999,442.3299999999999,442.8799999999999,4526
2026-05-12T15:00:00+00:00,442.8799999999999,444.3199999999999,440.6599999999999,440.7999999999999,4797
2026-05-12T15:15:00+00:00,440.7999999999999,441.0899999999999,434.8899999999999,435.6599999999999,5783
2026-05-12T15:30:00+00:00,435.6599999999999,440.9399999999999,435.5499999999999,437.6099999999999,4412
2026-05-12T15:45:00+00:00,437.6099999999999,438.2499999999999,431.9799999999999,432.2299999999999,4237
2026-05-12T16:00:00+00:00,432.2299999999999,436.5299999999999,431.0099999999999,436.5299999999999,4364
2026-05-12T16:15:00+00:00,436.5299999999999,436.5299999999999,431.8099999999999,432.1199999999999,3320
2026-05-12T16:30:00+00:00,432.1199999999999,432.8999999999999,426.5799999999999,427.9899999999999,4141
2026-05-12T16:45:00+00:00,427.9899999999999,429.1299999999999,425.7099999999999,426.6699999999999,4759
2026-05-12T17:00:00+00:00,426.6699999999999,435.1499999999999,426.6699999999999,434.9499999999999,3613
2026-05-12T17:15:00+00:00,434.9499999999999,437.7199999999999,434.3099999999999,436.2799999999999,4184
2026-05-12T17:30:00+00:00,436.2799999999999,438.1099999999999,434.9999999999999,435.4399999999999,3207
2026-05-12T17:45:00+00:00,435.4399999999999,436.8299999999999,434.7499999999999,435.7999999999999,3294
2026-05-12T18:00:00+00:00,435.7999999999999,437.7499999999999,435.2899999999999,437.7299999999999,3116
2026-05-12T18:15:00+00:00,437.7299999999999,439.9999999999999,436.6899999999999,438.8599999999999,3328
2026-05-12T18:30:00+00:00,438.8599999999999,440.9899999999999,438.5099999999999,438.8299999999999,3104
2026-05-12T18:45:00+00:00,438.8299999999999,440.0899999999999,435.6899999999999,436.1899999999999,3401
2026-05-12T19:00:00+00:00,436.1899999999999,439.4699999999999,436.1799999999999,438.7999999999999,3282
2026-05-12T19:15:00+00:00,438.7999999999999,440.8199999999999,437.8199999999999,439.2999999999999,2758
2026-05-12T19:30:00+00:00,439.2999999999999,444.5699999999999,439.2999999999999,444.0099999999999,2923
2026-05-12T19:45:00+00:00,444.0099999999999,448.2599999999999,443.6499999999999,447.9999999999999,3300
2026-05-13T13:30:00+00:00,447.9999999999999,458.8199999999999,442.2899999999999,442.2999999999999,3752
2026-05-13T13:45:00+00:00,442.2999999999999,444.3099999999999,436.7199999999999,438.4399999999999,3747
2026-05-13T14:00:00+00:00,438.4399999999999,439.8199999999999,432.2999999999999,435.0199999999999,3212
2026-05-13T14:15:00+00:00,435.0199999999999,439.5899999999999,433.6899999999999,439.1599999999999,2456
2026-05-13T14:30:00+00:00,439.1599999999999,441.0299999999999,437.8999999999999,440.2099999999999,2375
2026-05-13T14:45:00+00:00,440.2099999999999,445.0799999999999,438.9299999999999,444.7599999999999,2348.8981931464173
2026-05-13T15:00:00+00:00,444.7599999999999,447.26999999999987,443.83999999999986,446.6999999999999,2235
2026-05-13T15:15:00+00:00,446.6999999999999,448.3799999999998,444.01999999999987,445.35999999999984,1799
2026-05-13T15:30:00+00:00,445.35999999999984,446.14999999999986,443.45999999999987,445.84999999999985,1572
2026-05-13T15:45:00+00:00,445.84999999999985,447.05999999999983,443.97999999999985,444.7599999999999,1574
2026-05-13T16:00:00+00:00,444.7599999999999,447.90999999999985,444.1899999999998,446.96999999999986,1391
2026-05-13T16:15:00+00:00,446.96999999999986,448.49999999999983,445.96999999999986,447.78999999999985,1478
2026-05-13T16:30:00+00:00,447.78999999999985,448.54999999999984,446.79999999999984,447.58999999999986,1035
2026-05-13T16:45:00+00:00,447.58999999999986,448.24999999999983,446.78999999999985,447.98999999999984,945
2026-05-13T17:00:00+00:00,447.98999999999984,451.36999999999983,447.71999999999986,450.77999999999986,1212
2026-05-13T17:15:00+00:00,450.77999999999986,450.95999999999987,449.02999999999986,450.4499999999999,1058
2026-05-13T17:30:00+00:00,450.4499999999999,450.8899999999999,449.59999999999985,450.1299999999998,1127
2026-05-13T17:45:00+00:00,450.1299999999998,450.36999999999983,447.07999999999987,447.10999999999984,1180
2026-05-13T18:00:00+00:00,447.10999999999984,450.40999999999985,447.04999999999984,450.23999999999984,1194
2026-05-13T18:15:00+00:00,450.23999999999984,451.1999999999999,449.6899999999998,449.98999999999984,1140
2026-05-13T18:30:00+00:00,449.98999999999984,450.48999999999984,448.36999999999983,448.46999999999986,1085
2026-05-13T18:45:00+00:00,448.46999999999986,448.67999999999984,444.80999999999983,445.21999999999986,1308
2026-05-13T19:00:00+00:00,445.21999999999986,448.03999999999985,445.05999999999983,447.70999999999987,1236
2026-05-13T19:15:00+00:00,447.70999999999987,448.73999999999984,446.99999999999983,448.05999999999983,1090
2026-05-13T19:30:00+00:00,448.05999999999983,449.21999999999986,447.70999999999987,447.99999999999983,944
2026-05-13T19:45:00+00:00,447.99999999999983,448.30999999999983,443.70999999999987,445.1299999999998,2464
2026-05-14T13:30:00+00:00,445.1299999999998,446.8899999999999,435.3799999999998,445.40999999999985,3168
2026-05-14T13:45:00+00:00,445.40999999999985,450.42999999999984,444.79999999999984,445.1299999999998,3184
2026-05-14T14:00:00+00:00,445.1299999999998,449.6999999999999,441.73999999999984,443.45999999999987,2655
2026-05-14T14:15:00+00:00,443.45999999999987,447.03999999999985,443.17999999999984,446.07999999999987,2366
2026-05-14T14:30:00+00:00,446.07999999999987,451.02999999999986,444.92999999999984,448.08999999999986,2349
2026-05-14T14:45:00+00:00,448.08999999999986,452.53999999999985,447.6899999999998,450.39999999999986,1957
2026-05-14T15:00:00+00:00,450.39999999999986,452.85999999999984,448.78999999999985,450.74999999999983,1696
2026-05-14T15:15:00+00:00,450.74999999999983,452.35999999999984,450.09999999999985,450.3799999999998,1200
2026-05-14T15:30:00+00:00,450.3799999999998,451.0099999999999,448.8199999999999,450.4499999999999,1468
2026-05-14T15:45:00+00:00,450.4499999999999,450.8899999999999,448.28999999999985,448.46999999999986,1092
2026-05-14T16:00:00+00:00,448.46999999999986,450.96999999999986,448.42999999999984,449.97999999999985,956
2026-05-14T16:15:00+00:00,449.97999999999985,450.8199999999999,447.14999999999986,447.35999999999984,1151
2026-05-14T16:30:00+00:00,447.35999999999984,448.91999999999985,447.09999999999985,448.1999999999999,1188
2026-05-14T16:45:00+00:00,448.1999999999999,449.72999999999985,447.6999999999999,448.52999999999986,1060
2026-05-14T17:00:00+00:00,448.52999999999986,449.52999999999986,444.39999999999986,444.40999999999985,1336
2026-05-14T17:15:00+00:00,444.40999999999985,445.1999999999999,441.67999999999984,443.5099999999999,4131
2026-05-14T17:30:00+00:00,443.5099999999999,446.41999999999985,442.9499999999999,445.5699999999999,2431
2026-05-14T17:45:00+00:00,445.5699999999999,448.52999999999986,445.5699999999999,447.89999999999986,1029
2026-05-14T18:00:00+00:00,447.89999999999986,448.05999999999983,444.45999999999987,445.84999999999985,1632
2026-05-14T18:15:00+00:00,445.84999999999985,446.48999999999984,443.8899999999999,445.27999999999986,958
2026-05-14T18:30:00+00:00,445.27999999999986,446.22999999999985,444.27999999999986,444.60999999999984,886
2026-05-14T18:45:00+00:00,444.60999999999984,447.20999999999987,444.1299999999998,446.24999999999983,1775
2026-05-14T19:00:00+00:00,446.24999999999983,447.6999999999999,445.27999999999986,446.1899999999998,2107
2026-05-14T19:15:00+00:00,446.1899999999998,450.27999999999986,445.72999999999985,448.97999999999985,2787
2026-05-14T19:30:00+00:00,448.97999999999985,451.6899999999998,448.9499999999999,451.30999999999983,1952
2026-05-14T19:45:00+00:00,451.30999999999983,451.64999999999986,448.8799999999998,449.45999999999987,2352
2026-05-15T13:30:00+00:00,449.45999999999987,449.45999999999987,425.90999999999985,431.54999999999984,3071
2026-05-15T13:45:00+00:00,431.54999999999984,433.6299999999998,426.80999999999983,427.20999999999987,2897
2026-05-15T14:00:00+00:00,427.20999999999987,437.17999999999984,425.83999999999986,436.66999999999985,2555
2026-05-15T14:15:00+00:00,436.66999999999985,438.49999999999983,432.29999999999984,433.04999999999984,2609
2026-05-15T14:30:00+00:00,433.04999999999984,434.51999999999987,432.07999999999987,433.59999999999985,2120
2026-05-15T14:45:00+00:00,433.59999999999985,433.8899999999999,429.83999999999986,430.44999999999976,2051.3789813385715
2026-05-15T15:00:00+00:00,430.44999999999976,433.5399999999998,430.32999999999976,432.3499999999998,1713
2026-05-15T15:15:00+00:00,432.3499999999998,435.45999999999975,431.76999999999975,434.77999999999975,1513
2026-05-15T15:30:00+00:00,434.77999999999975,436.0499999999998,432.76999999999975,433.33999999999975,1596
2026-05-15T15:45:00+00:00,433.33999999999975,434.1599999999998,430.26999999999975,432.20999999999975,1550
2026-05-15T16:00:00+00:00,432.20999999999975,433.4799999999998,430.8099999999998,431.4999999999998,1226
2026-05-15T16:15:00+00:00,431.4999999999998,431.8499999999998,430.14999999999975,431.06999999999977,1048
2026-05-15T16:30:00+00:00,431.06999999999977,432.21999999999974,430.2999999999998,432.02999999999975,1129
2026-05-15T16:45:00+00:00,432.02999999999975,432.8099999999998,430.01999999999975,430.7499999999998,1036
2026-05-15T17:00:00+00:00,430.7499999999998,432.07999999999976,430.4899999999998,431.7299999999998,793
2026-05-15T17:15:00+00:00,431.7299999999998,433.4799999999998,430.96999999999974,433.0499999999998,936
2026-05-15T17:30:00+00:00,433.0499999999998,434.3099999999998,432.8599999999998,433.5599999999998,981
2026-05-15T17:45:00+00:00,433.5599999999998,434.26999999999975,432.02999999999975,434.06999999999977,957
2026-05-15T18:00:00+00:00,434.06999999999977,435.68999999999977,433.81999999999977,434.9299999999998,2502
2026-05-15T18:15:00+00:00,434.9299999999998,435.12999999999977,431.56999999999977,431.9099999999998,1443
2026-05-15T18:30:00+00:00,431.9099999999998,432.27999999999975,430.12999999999977,431.77999999999975,1222
2026-05-15T18:45:00+00:00,431.77999999999975,433.2999999999998,431.1199999999998,431.8099999999998,917
2026-05-15T19:00:00+00:00,431.8099999999998,432.27999999999975,428.71999999999974,429.82999999999976,1183
2026-05-15T19:15:00+00:00,429.82999999999976,430.26999999999975,428.6699999999998,428.8499999999998,1230
2026-05-15T19:30:00+00:00,428.8499999999998,430.51999999999975,428.5399999999998,428.64999999999975,1426
2026-05-15T19:45:00+00:00,428.64999999999975,428.88999999999976,423.12999999999977,424.3099999999998,2755
2026-05-18T13:30:00+00:00,424.3099999999998,438.3099999999998,424.3099999999998,425.4999999999998,3300
2026-05-18T13:45:00+00:00,425.4999999999998,429.39999999999975,422.26999999999975,423.94999999999976,2684
2026-05-18T14:00:00+00:00,423.94999999999976,423.96999999999974,417.27999999999975,422.68999999999977,2332
2026-05-18T14:15:00+00:00,422.68999999999977,424.4299999999998,416.1799999999998,416.3699999999998,1897
2026-05-18T14:30:00+00:00,416.3699999999998,417.75999999999976,412.26999999999975,415.7399999999998,2883
2026-05-18T14:45:00+00:00,415.7399999999998,417.27999999999975,411.52999999999975,415.9999999999998,2424
2026-05-18T15:00:00+00:00,415.9999999999998,420.58999999999975,415.4199999999998,419.07999999999976,2219
2026-05-18T15:15:00+00:00,419.07999999999976,420.0499999999998,415.69999999999976,415.70999999999975,1516
2026-05-18T15:30:00+00:00,415.70999999999975,423.25999999999976,414.93999999999977,421.9999999999998,1614
2026-05-18T15:45:00+00:00,421.9999999999998,423.5599999999998,420.4199999999998,420.76999999999975,1229
2026-05-18T16:00:00+00:00,420.76999999999975,421.06999999999977,418.37999999999977,419.95999999999975,1228
2026-05-18T16:15:00+00:00,419.95999999999975,420.32999999999976,413.1599999999998,413.50999999999976,1341
2026-05-18T16:30:00+00:00,413.50999999999976,415.3499999999998,412.0499999999998,414.76999999999975,1640
2026-05-18T16:45:00+00:00,414.76999999999975,419.27999999999975,413.4199999999998,418.1699999999998,1103
2026-05-18T17:00:00+00:00,418.1699999999998,419.52999999999975,416.88999999999976,417.1099999999998,1097
2026-05-18T17:15:00+00:00,417.1099999999998,418.02999999999975,415.37999999999977,417.6099999999998,1008
2026-05-18T17:30:00+00:00,417.6099999999998,417.9199999999998,415.5399999999998,416.81999999999977,823
2026-05-18T17:45:00+00:00,416.81999999999977,417.07999999999976,414.51999999999975,416.0399999999998,882
2026-05-18T18:00:00+00:00,416.0399999999998,416.25999999999976,413.46999999999974,413.46999999999974,996
2026-05-18T18:15:00+00:00,413.46999999999974,413.58999999999975,410.4199999999998,411.7999999999998,1330
2026-05-18T18:30:00+00:00,411.7999999999998,412.2399999999998,410.46999999999974,411.82999999999976,972
2026-05-18T18:45:00+00:00,411.82999999999976,414.08999999999975,410.63999999999976,413.71999999999974,1030
2026-05-18T19:00:00+00:00,413.71999999999974,420.4199999999998,413.51999999999975,415.8699999999998,1351
2026-05-18T19:15:00+00:00,415.8699999999998,416.2899999999998,412.8699999999998,413.58999999999975,1194
2026-05-18T19:30:00+00:00,413.58999999999975,418.31999999999977,413.06999999999977,418.06999999999977,1423
2026-05-18T19:45:00+00:00,418.06999999999977,421.69999999999976,417.87999999999977,420.8499999999998,2057
2026-05-19T13:30:00+00:00,420.8499999999998,428.0499999999998,410.2899999999998,418.26999999999975,3625
2026-05-19T13:45:00+00:00,418.26999999999975,418.71999999999974,404.7299999999998,404.9799999999998,3002
2026-05-19T14:00:00+00:00,404.9799999999998,405.94999999999976,395.96999999999974,396.27999999999975,3541
2026-05-19T14:15:00+00:00,396.27999999999975,397.1199999999998,393.18999999999977,395.43999999999977,3555
2026-05-19T14:30:00+00:00,395.43999999999977,400.0399999999998,393.77999999999975,396.9999999999998,3060
2026-05-19T14:45:00+00:00,396.9999999999998,403.25999999999976,395.46999999999974,402.9199999999998,2631
2026-05-19T15:00:00+00:00,402.9199999999998,405.58999999999975,401.26999999999975,405.4999999999998,2248
2026-05-19T15:15:00+00:00,405.4999999999998,408.3099999999998,405.0399999999998,407.76999999999975,2196
2026-05-19T15:30:00+00:00,407.76999999999975,410.3699999999998,407.07999999999976,409.1599999999998,1803
2026-05-19T15:45:00+00:00,409.1599999999998,409.9899999999998,405.8099999999998,407.43999999999977,1552
2026-05-19T16:00:00+00:00,407.43999999999977,410.7299999999998,407.26999999999975,409.6699999999998,1489
2026-05-19T16:15:00+00:00,409.6699999999998,414.71999999999974,409.6699999999998,414.71999999999974,1366
2026-05-19T16:30:00+00:00,414.71999999999974,419.0399999999998,414.1799999999998,418.5499999999998,1948
2026-05-19T16:45:00+00:00,418.5499999999998,419.68999999999977,416.9799999999998,419.08999999999975,1759
2026-05-19T17:00:00+00:00,419.08999999999975,422.1599999999998,418.76999999999975,421.77999999999975,1272
2026-05-19T17:15:00+00:00,421.77999999999975,424.68999999999977,421.07999999999976,422.07999999999976,1460
2026-05-19T17:30:00+00:00,422.07999999999976,423.51999999999975,421.8499999999998,422.07999999999976,1309
2026-05-19T17:45:00+00:00,422.07999999999976,422.7999999999998,419.31999999999977,422.4099999999998,1536
2026-05-19T18:00:00+00:00,422.4099999999998,423.3099999999998,420.77999999999975,420.8099999999998,1032
2026-05-19T18:15:00+00:00,420.8099999999998,421.46999999999974,416.3699999999998,418.0399999999998,1426
2026-05-19T18:30:00+00:00,418.0399999999998,418.71999999999974,416.27999999999975,417.3699999999998,1012
2026-05-19T18:45:00+00:00,417.3699999999998,417.5599999999998,414.7999999999998,415.4899999999998,1191
2026-05-19T19:00:00+00:00,415.4899999999998,420.26999999999975,415.46999999999974,419.8499999999998,1226
2026-05-19T19:15:00+00:00,419.8499999999998,419.88999999999976,414.68999999999977,416.19999999999976,1356
2026-05-19T19:30:00+00:00,416.19999999999976,418.2399999999998,415.2899999999998,415.96999999999974,1378
2026-05-19T19:45:00+00:00,415.96999999999974,416.58999999999975,411.2899999999998,414.38999999999976,2479
2026-05-20T13:30:00+00:00,414.38999999999976,434.43999999999977,414.38999999999976,433.7899999999998,2932
2026-05-20T13:45:00+00:00,433.7899999999998,436.25999999999976,429.14999999999975,433.9799999999998,2477
2026-05-20T14:00:00+00:00,433.9799999999998,441.27999999999975,433.89999999999975,438.75999999999976,2714
2026-05-20T14:15:00+00:00,438.75999999999976,445.4299999999998,438.21999999999974,444.01999999999975,2258
2026-05-20T14:30:00+00:00,444.01999999999975,445.89999999999975,442.62999999999977,443.3499999999998,1998
2026-05-20T14:45:00+00:00,443.3499999999998,445.0399999999998,441.8499999999998,444.3399999999997,1626.0938967136149
2026-05-20T15:00:00+00:00,444.3399999999997,445.2299999999997,442.67999999999967,443.7699999999997,1322
2026-05-20T15:15:00+00:00,443.7699999999997,447.0799999999997,443.7699999999997,445.4099999999997,1845
2026-05-20T15:30:00+00:00,445.4099999999997,447.48999999999967,445.37999999999965,446.5799999999997,1133
2026-05-20T15:45:00+00:00,446.5799999999997,448.1599999999997,446.0299999999997,448.1599999999997,1088
2026-05-20T16:00:00+00:00,448.1599999999997,448.2899999999997,445.2299999999997,445.2799999999997,996
2026-05-20T16:15:00+00:00,445.2799999999997,445.2799999999997,441.17999999999967,442.62999999999965,1592
2026-05-20T16:30:00+00:00,442.62999999999965,445.12999999999965,442.3499999999997,444.2199999999997,1121
2026-05-20T16:45:00+00:00,444.2199999999997,445.17999999999967,442.8899999999997,443.98999999999967,957
2026-05-20T17:00:00+00:00,443.98999999999967,446.0399999999997,443.29999999999967,445.48999999999967,1064
2026-05-20T17:15:00+00:00,445.48999999999967,445.49999999999966,443.5299999999997,444.3199999999997,830
2026-05-20T17:30:00+00:00,444.3199999999997,444.6399999999997,443.1499999999997,443.5399999999997,706
2026-05-20T17:45:00+00:00,443.5399999999997,444.8199999999997,443.37999999999965,444.5099999999997,650
2026-05-20T18:00:00+00:00,444.5099999999997,445.8299999999997,444.0899999999997,444.48999999999967,896
2026-05-20T18:15:00+00:00,444.48999999999967,444.7899999999997,443.67999999999967,444.4199999999997,761
2026-05-20T18:30:00+00:00,444.4199999999997,445.18999999999966,443.3199999999997,444.3499999999997,747
2026-05-20T18:45:00+00:00,444.3499999999997,445.0399999999997,443.5799999999997,443.9099999999997,703
2026-05-20T19:00:00+00:00,443.9099999999997,447.3399999999997,443.73999999999967,446.87999999999965,982
2026-05-20T19:15:00+00:00,446.87999999999965,448.98999999999967,446.8399999999997,448.55999999999966,1076
2026-05-20T19:30:00+00:00,448.55999999999966,448.8299999999997,446.3999999999997,446.5299999999997,1113
2026-05-20T19:45:00+00:00,446.5299999999997,447.3999999999997,443.0799999999997,447.2799999999997,2154
2026-05-21T13:30:00+00:00,447.2799999999997,447.4199999999997,439.8899999999997,444.11999999999966,2307
2026-05-21T13:45:00+00:00,444.11999999999966,445.2299999999997,439.67999999999967,440.37999999999965,1945
2026-05-21T14:00:00+00:00,440.37999999999965,442.05999999999966,436.2299999999997,437.1399999999997,2001
2026-05-21T14:15:00+00:00,437.1399999999997,437.6999999999997,431.2799999999997,432.2799999999997,2120
2026-05-21T14:30:00+00:00,432.2799999999997,438.2099999999997,431.93999999999966,437.7699999999997,2010
2026-05-21T14:45:00+00:00,437.7699999999997,438.5399999999997,434.4599999999997,435.1999999999997,1797
2026-05-21T15:00:00+00:00,435.1999999999997,437.7099999999997,433.68999999999966,437.3599999999997,1561
2026-05-21T15:15:00+00:00,437.3599999999997,439.1499999999997,436.36999999999966,437.93999999999966,1240
2026-05-21T15:30:00+00:00,437.93999999999966,440.1699999999997,436.4099999999997,439.7299999999997,1334
2026-05-21T15:45:00+00:00,439.7299999999997,442.4099999999997,439.7299999999997,440.7699999999997,1078
2026-05-21T16:00:00+00:00,440.7699999999997,443.7299999999997,440.74999999999966,441.7599999999997,1071
2026-05-21T16:15:00+00:00,441.7599999999997,441.92999999999967,439.17999999999967,439.9799999999997,756
2026-05-21T16:30:00+00:00,439.9799999999997,442.5799999999997,439.67999999999967,442.0299999999997,761
2026-05-21T16:45:00+00:00,442.0299999999997,442.1999999999997,439.67999999999967,440.6599999999997,668
2026-05-21T17:00:00+00:00,440.6599999999997,442.6399999999997,440.37999999999965,441.2299999999997,1085
2026-05-21T17:15:00+00:00,441.2299999999997,444.7299999999997,441.04999999999967,443.18999999999966,1433
2026-05-21T17:30:00+00:00,443.18999999999966,445.3999999999997,442.98999999999967,445.3899999999997,918
2026-05-21T17:45:00+00:00,445.3899999999997,446.6699999999997,444.5099999999997,444.5099999999997,908
2026-05-21T18:00:00+00:00,444.5099999999997,445.4199999999997,443.7099999999997,444.1499999999997,984
2026-05-21T18:15:00+00:00,444.1499999999997,446.0199999999997,443.6699999999997,445.4499999999997,810
2026-05-21T18:30:00+00:00,445.4499999999997,446.2899999999997,445.18999999999966,445.9699999999997,718
2026-05-21T18:45:00+00:00,445.9699999999997,446.17999999999967,441.42999999999967,443.3499999999997,1511
2026-05-21T19:00:00+00:00,443.3499999999997,444.6599999999997,442.80999999999966,444.24999999999966,999
2026-05-21T19:15:00+00:00,444.24999999999966,444.80999999999966,443.6699999999997,444.3899999999997,744
2026-05-21T19:30:00+00:00,444.3899999999997,446.5099999999997,443.8999999999997,445.3599999999997,1080
2026-05-21T19:45:00+00:00,445.3599999999997,450.5899999999997,444.7899999999997,448.9799999999997,2243
2026-05-22T13:30:00+00:00,448.9799999999997,480.67999999999967,448.9799999999997,467.04999999999967,3685
2026-05-22T13:45:00+00:00,467.04999999999967,469.92999999999967,463.7799999999997,465.93999999999966,2173
2026-05-22T14:00:00+00:00,465.93999999999966,465.93999999999966,462.8899999999997,463.68999999999966,1772
2026-05-22T14:15:00+00:00,463.68999999999966,467.6099999999997,461.3399999999997,467.5299999999997,1877
2026-05-22T14:30:00+00:00,467.5299999999997,469.73999999999967,467.17999999999967,468.37999999999965,1898
2026-05-22T14:45:00+00:00,468.37999999999965,468.62999999999965,465.99999999999966,466.8599999999996,1442.042071688943
2026-05-22T15:00:00+00:00,466.8599999999996,473.1199999999996,466.5499999999996,472.6999999999996,1567
2026-05-22T15:15:00+00:00,472.6999999999996,473.5299999999996,469.7499999999996,469.7799999999996,1518
2026-05-22T15:30:00+00:00,469.7799999999996,471.1899999999996,469.3399999999996,470.3399999999996,1107
2026-05-22T15:45:00+00:00,470.3399999999996,471.1799999999996,467.9899999999996,470.4199999999996,1136
2026-05-22T16:00:00+00:00,470.4199999999996,470.7099999999996,468.90999999999957,469.84999999999957,858
2026-05-22T16:15:00+00:00,469.84999999999957,469.84999999999957,465.8999999999996,467.3899999999996,1192
2026-05-22T16:30:00+00:00,467.3899999999996,468.2199999999996,465.6499999999996,466.90999999999957,1060
2026-05-22T16:45:00+00:00,466.90999999999957,470.1499999999996,466.90999999999957,469.7199999999996,926
2026-05-22T17:00:00+00:00,469.7199999999996,471.9999999999996,469.6899999999996,470.7299999999996,935
2026-05-22T17:15:00+00:00,470.7299999999996,471.1299999999996,467.84999999999957,471.0099999999996,1141
2026-05-22T17:30:00+00:00,471.0099999999996,472.5899999999996,470.1899999999996,471.1699999999996,1095
2026-05-22T17:45:00+00:00,471.1699999999996,473.0499999999996,470.90999999999957,471.7599999999996,938
2026-05-22T18:00:00+00:00,471.7599999999996,474.4499999999996,470.8599999999996,472.1799999999996,1187
2026-05-22T18:15:00+00:00,472.1799999999996,473.7799999999996,470.9599999999996,471.6399999999996,1050
2026-05-22T18:30:00+00:00,471.6399999999996,471.8099999999996,468.8799999999996,470.3899999999996,989
2026-05-22T18:45:00+00:00,470.3899999999996,470.7099999999996,469.1699999999996,469.8199999999996,800
2026-05-22T19:00:00+00:00,469.8199999999996,470.2499999999996,466.4499999999996,467.4699999999996,1172
2026-05-22T19:15:00+00:00,467.4699999999996,467.6199999999996,465.7099999999996,466.0199999999996,1251
2026-05-22T19:30:00+00:00,466.0199999999996,468.7499999999996,465.9499999999996,467.6199999999996,1063
2026-05-22T19:45:00+00:00,467.6199999999996,467.8599999999996,465.9499999999996,467.3299999999996,2005
2026-05-26T13:30:00+00:00,467.3299999999996,489.0499999999996,467.3299999999996,486.9999999999996,2828
2026-05-26T13:45:00+00:00,486.9999999999996,494.3999999999996,483.9999999999996,493.0199999999996,2753
2026-05-26T14:00:00+00:00,493.0199999999996,494.9599999999996,487.9399999999996,493.3699999999996,2317
2026-05-26T14:15:00+00:00,493.3699999999996,494.5099999999996,489.4699999999996,493.3899999999996,1583
2026-05-26T14:30:00+00:00,493.3899999999996,496.4399999999996,492.1499999999996,492.4499999999996,1450
2026-05-26T14:45:00+00:00,492.4499999999996,492.9599999999996,489.6499999999996,490.15999999999957,1237
2026-05-26T15:00:00+00:00,490.15999999999957,491.8199999999996,487.6799999999996,491.65999999999957,1340
2026-05-26T15:15:00+00:00,491.65999999999957,491.9199999999996,489.3399999999996,489.6699999999996,1210
2026-05-26T15:30:00+00:00,489.6699999999996,491.4799999999996,488.5399999999996,489.3299999999996,1213
2026-05-26T15:45:00+00:00,489.3299999999996,490.0199999999996,485.1499999999996,487.7999999999996,1424
2026-05-26T16:00:00+00:00,487.7999999999996,494.1799999999996,487.40999999999957,493.7299999999996,1335
2026-05-26T16:15:00+00:00,493.7299999999996,495.1999999999996,492.5799999999996,494.6399999999996,942
2026-05-26T16:30:00+00:00,494.6399999999996,497.1699999999996,492.9499999999996,493.3799999999996,1159
2026-05-26T16:45:00+00:00,493.3799999999996,496.3799999999996,493.1499999999996,496.1899999999996,945
2026-05-26T17:00:00+00:00,496.1899999999996,497.4299999999996,494.7999999999996,496.2999999999996,991
2026-05-26T17:15:00+00:00,496.2999999999996,497.0799999999996,495.4499999999996,496.84999999999957,774
2026-05-26T17:30:00+00:00,496.84999999999957,497.5499999999996,495.6499999999996,496.1699999999996,785
2026-05-26T17:45:00+00:00,496.1699999999996,497.5799999999996,496.0699999999996,496.1499999999996,713
2026-05-26T18:00:00+00:00,496.1499999999996,498.2699999999996,495.0499999999996,497.6299999999996,879
2026-05-26T18:15:00+00:00,497.6299999999996,498.59999999999957,497.3599999999996,498.3699999999996,764
2026-05-26T18:30:00+00:00,498.3699999999996,499.9699999999996,497.9499999999996,498.1699999999996,944
2026-05-26T18:45:00+00:00,498.1699999999996,499.8999999999996,497.6799999999996,498.4899999999996,993
2026-05-26T19:00:00+00:00,498.4899999999996,506.4499999999996,498.0899999999996,505.8999999999996,1652
2026-05-26T19:15:00+00:00,505.8999999999996,506.15999999999957,502.8999999999996,502.90999999999957,1498
2026-05-26T19:30:00+00:00,502.90999999999957,505.2599999999996,502.7099999999996,503.7899999999996,1243
2026-05-26T19:45:00+00:00,503.7899999999996,504.9999999999996,502.3599999999996,503.3799999999996,2281
2026-05-27T13:30:00+00:00,503.3799999999996,509.4399999999996,493.4799999999996,494.1499999999996,3198
2026-05-27T13:45:00+00:00,494.1499999999996,502.2999999999996,490.2499999999996,501.4399999999996,2701
2026-05-27T14:00:00+00:00,501.4399999999996,501.9899999999996,494.1999999999996,494.7699999999996,1704
2026-05-27T14:15:00+00:00,494.7699999999996,496.6499999999996,486.4399999999996,487.90999999999957,2069
2026-05-27T14:30:00+00:00,487.90999999999957,494.4899999999996,486.2999999999996,493.7799999999996,1757
2026-05-27T14:45:00+00:00,493.7799999999996,497.3899999999996,491.49999999999966,491.5899999999996,1246.7153645475764
2026-05-27T15:00:00+00:00,491.5899999999996,493.03999999999957,488.7199999999996,490.73999999999955,1254
2026-05-27T15:15:00+00:00,490.73999999999955,490.73999999999955,487.36999999999955,490.2699999999995,1089
2026-05-27T15:30:00+00:00,490.2699999999995,491.29999999999956,488.16999999999956,488.67999999999955,845
2026-05-27T15:45:00+00:00,488.67999999999955,491.72999999999956,487.66999999999956,491.18999999999954,767
2026-05-27T16:00:00+00:00,491.18999999999954,496.0199999999995,490.7099999999996,495.93999999999954,908
2026-05-27T16:15:00+00:00,495.93999999999954,496.3999999999996,493.92999999999955,494.22999999999956,798
2026-05-27T16:30:00+00:00,494.22999999999956,494.97999999999956,493.15999999999957,494.41999999999956,619
2026-05-27T16:45:00+00:00,494.41999999999956,496.61999999999955,492.07999999999953,492.5899999999996,759
2026-05-27T17:00:00+00:00,492.5899999999996,493.05999999999955,488.84999999999957,489.9599999999996,692
2026-05-27T17:15:00+00:00,489.9599999999996,494.41999999999956,489.67999999999955,493.42999999999955,738
2026-05-27T17:30:00+00:00,493.42999999999955,494.5899999999996,492.24999999999955,492.32999999999953,519
2026-05-27T17:45:00+00:00,492.32999999999953,494.79999999999956,492.11999999999955,493.87999999999954,503
2026-05-27T18:00:00+00:00,493.87999999999954,496.9699999999996,493.25999999999954,494.47999999999956,659
2026-05-27T18:15:00+00:00,494.47999999999956,498.24999999999955,494.2699999999995,497.9699999999996,623
2026-05-27T18:30:00+00:00,497.9699999999996,498.25999999999954,495.67999999999955,497.06999999999954,638
2026-05-27T18:45:00+00:00,497.06999999999954,497.74999999999955,495.82999999999953,496.17999999999955,568
2026-05-27T19:00:00+00:00,496.17999999999955,496.66999999999956,495.05999999999955,495.86999999999955,610
2026-05-27T19:15:00+00:00,495.86999999999955,496.73999999999955,494.16999999999956,494.60999999999956,706
2026-05-27T19:30:00+00:00,494.60999999999956,496.62999999999954,494.60999999999956,496.54999999999956,775
2026-05-27T19:45:00+00:00,496.54999999999956,497.18999999999954,494.2699999999995,495.22999999999956,1811
2026-05-28T13:30:00+00:00,495.22999999999956,507.0899999999996,495.22999999999956,498.05999999999955,2434
2026-05-28T13:45:00+00:00,498.05999999999955,499.10999999999956,493.7199999999996,496.09999999999957,1889
2026-05-28T14:00:00+00:00,496.09999999999957,504.98999999999955,493.13999999999953,504.9599999999996,2227
2026-05-28T14:15:00+00:00,504.9599999999996,507.35999999999956,501.25999999999954,504.75999999999954,1874
2026-05-28T14:30:00+00:00,504.75999999999954,511.8399999999996,504.48999999999955,507.34999999999957,2217
2026-05-28T14:45:00+00:00,507.34999999999957,511.28999999999957,506.2699999999995,511.11999999999955,1653
2026-05-28T15:00:00+00:00,511.11999999999955,519.3199999999996,510.72999999999956,518.6999999999996,2112
2026-05-28T15:15:00+00:00,518.6999999999996,523.3499999999996,517.2799999999995,523.0899999999996,1919
2026-05-28T15:30:00+00:00,523.0899999999996,526.5199999999995,520.5599999999996,520.5699999999996,1938
2026-05-28T15:45:00+00:00,520.5699999999996,520.7299999999996,516.8699999999995,517.2899999999995,1353
2026-05-28T16:00:00+00:00,517.2899999999995,518.6299999999995,516.1599999999995,516.7199999999996,1177
2026-05-28T16:15:00+00:00,516.7199999999996,519.0099999999995,516.6199999999995,518.2499999999995,1027
2026-05-28T16:30:00+00:00,518.2499999999995,519.5999999999996,517.0899999999996,519.3799999999995,1024
2026-05-28T16:45:00+00:00,519.3799999999995,521.9599999999996,519.0699999999996,521.7899999999995,893
2026-05-28T17:00:00+00:00,521.7899999999995,521.9699999999996,519.2799999999995,519.4299999999996,843
2026-05-28T17:15:00+00:00,519.4299999999996,520.0899999999996,518.1699999999995,518.2299999999996,825
2026-05-28T17:30:00+00:00,518.2299999999996,520.4399999999996,516.8499999999996,520.4399999999996,839
2026-05-28T17:45:00+00:00,520.4399999999996,520.7899999999995,516.1399999999995,517.1999999999996,890
2026-05-28T18:00:00+00:00,517.1999999999996,519.5599999999996,516.4699999999996,517.3999999999995,902
2026-05-28T18:15:00+00:00,517.3999999999995,519.8799999999995,517.2299999999996,518.8699999999995,736
2026-05-28T18:30:00+00:00,518.8699999999995,519.0799999999996,517.8699999999995,518.5499999999995,873
2026-05-28T18:45:00+00:00,518.5499999999995,519.4299999999996,517.0699999999996,518.3899999999995,903
2026-05-28T19:00:00+00:00,518.3899999999995,520.1399999999995,517.1999999999996,517.8399999999996,937
2026-05-28T19:15:00+00:00,517.8399999999996,517.9899999999996,516.1299999999995,517.4099999999995,1086
2026-05-28T19:30:00+00:00,517.4099999999995,519.7099999999996,516.7399999999996,519.4399999999996,1208
2026-05-28T19:45:00+00:00,519.4399999999996,519.5899999999996,516.2699999999995,517.5899999999996,1722
2026-05-29T13:30:00+00:00,517.5899999999996,520.8399999999996,515.0799999999996,516.3699999999995,1704
2026-05-29T13:45:00+00:00,516.3699999999995,520.6999999999996,515.3199999999996,519.6499999999995,1301
2026-05-29T14:00:00+00:00,519.6499999999995,521.4399999999996,515.7099999999996,517.7699999999995,1439
2026-05-29T14:15:00+00:00,517.7699999999995,517.9199999999995,508.44999999999953,511.8199999999996,1910
2026-05-29T14:30:00+00:00,511.8199999999996,514.2699999999995,507.40999999999957,507.62999999999954,1218
2026-05-29T14:45:00+00:00,507.62999999999954,514.9299999999996,507.13999999999953,513.6499999999995,1331.8893353941266
2026-05-29T15:00:00+00:00,513.6499999999995,514.2999999999995,511.2399999999995,513.7299999999994,758
2026-05-29T15:15:00+00:00,513.7299999999994,513.9399999999995,511.0099999999995,512.1199999999995,833
2026-05-29T15:30:00+00:00,512.1199999999995,513.1199999999995,510.8499999999995,511.2499999999995,561
2026-05-29T15:45:00+00:00,511.2499999999995,511.5099999999995,509.8999999999995,510.2799999999995,606
2026-05-29T16:00:00+00:00,510.2799999999995,513.0899999999995,510.0099999999995,512.0799999999995,590
2026-05-29T16:15:00+00:00,512.0799999999995,512.2299999999994,510.9199999999995,511.0499999999995,439
2026-05-29T16:30:00+00:00,511.0499999999995,511.2399999999995,509.7299999999995,510.4499999999995,574
2026-05-29T16:45:00+00:00,510.4499999999995,511.6299999999995,507.3399999999995,508.51999999999947,704
2026-05-29T17:00:00+00:00,508.51999999999947,508.6399999999995,506.1099999999995,506.2999999999995,738
2026-05-29T17:15:00+00:00,506.2999999999995,506.2999999999995,503.1299999999995,503.9199999999995,857
2026-05-29T17:30:00+00:00,503.9199999999995,506.1199999999995,502.95999999999947,503.6799999999995,741
2026-05-29T17:45:00+00:00,503.6799999999995,504.8499999999995,502.9399999999995,503.0799999999995,733
2026-05-29T18:00:00+00:00,503.0799999999995,506.2299999999995,502.9399999999995,504.5599999999995,637
2026-05-29T18:15:00+00:00,504.5599999999995,506.0299999999995,504.2799999999995,505.6299999999995,547
2026-05-29T18:30:00+00:00,505.6299999999995,507.1699999999995,505.3099999999995,506.1499999999995,593
2026-05-29T18:45:00+00:00,506.1499999999995,506.1999999999995,503.7599999999995,504.3799999999995,628
2026-05-29T19:00:00+00:00,504.3799999999995,505.1099999999995,503.6699999999995,504.1299999999995,545
2026-05-29T19:15:00+00:00,504.1299999999995,505.8399999999995,503.7799999999995,505.6699999999995,600
2026-05-29T19:30:00+00:00,505.6699999999995,508.3999999999995,505.5399999999995,507.9399999999995,761
2026-05-29T19:45:00+00:00,507.9399999999995,516.1099999999994,507.5299999999995,515.6299999999995,2108
2026-06-01T13:30:00+00:00,515.6299999999995,515.6299999999995,490.4999999999995,490.7299999999995,3217
2026-06-01T13:45:00+00:00,490.7299999999995,492.0499999999995,486.3099999999995,487.4299999999995,2555
2026-06-01T14:00:00+00:00,487.4299999999995,493.3599999999995,486.2899999999995,491.5299999999995,1878
2026-06-01T14:15:00+00:00,491.5299999999995,503.2399999999995,491.3599999999995,501.1799999999995,2063
2026-06-01T14:30:00+00:00,501.1799999999995,507.45999999999947,500.2899999999995,505.4299999999995,1903
2026-06-01T14:45:00+00:00,505.4299999999995,509.2399999999995,503.0099999999995,508.2799999999995,1958
2026-06-01T15:00:00+00:00,508.2799999999995,512.4199999999995,507.20999999999947,512.4199999999995,1679
2026-06-01T15:15:00+00:00,512.4199999999995,515.6099999999994,511.0099999999995,512.7999999999995,1642
2026-06-01T15:30:00+00:00,512.7999999999995,516.7999999999995,511.9499999999995,512.1099999999994,1432
2026-06-01T15:45:00+00:00,512.1099999999994,512.9299999999995,509.1199999999995,509.5299999999995,1047
2026-06-01T16:00:00+00:00,509.5299999999995,511.6599999999995,507.1199999999995,507.51999999999947,1058
2026-06-01T16:15:00+00:00,507.51999999999947,507.6799999999995,506.45999999999947,506.5599999999995,937
2026-06-01T16:30:00+00:00,506.5599999999995,508.9299999999995,506.5099999999995,507.0999999999995,863
2026-06-01T16:45:00+00:00,507.0999999999995,510.2499999999995,505.5699999999995,508.5899999999995,966
2026-06-01T17:00:00+00:00,508.5899999999995,509.1799999999995,506.01999999999947,508.51999999999947,889
2026-06-01T17:15:00+00:00,508.51999999999947,511.6699999999995,508.4299999999995,511.4699999999995,865
2026-06-01T17:30:00+00:00,511.4699999999995,513.0199999999995,509.6299999999995,511.0799999999995,1122
2026-06-01T17:45:00+00:00,511.0799999999995,513.0899999999995,510.8399999999995,512.7799999999995,835
2026-06-01T18:00:00+00:00,512.7799999999995,515.1699999999995,511.8299999999995,512.8699999999995,981
2026-06-01T18:15:00+00:00,512.8699999999995,513.5799999999995,511.7899999999995,512.8699999999995,716
2026-06-01T18:30:00+00:00,512.8699999999995,513.2299999999994,510.5099999999995,511.20999999999947,679
2026-06-01T18:45:00+00:00,511.20999999999947,513.3299999999995,510.9399999999995,511.5399999999995,829
2026-06-01T19:00:00+00:00,511.5399999999995,513.2399999999994,510.4099999999995,511.9499999999995,1246
2026-06-01T19:15:00+00:00,511.9499999999995,512.2599999999995,510.5299999999995,511.5999999999995,947
2026-06-01T19:30:00+00:00,511.5999999999995,512.1099999999994,509.6599999999995,509.9799999999995,981
2026-06-01T19:45:00+00:00,509.9799999999995,511.70999999999947,508.3199999999995,509.7599999999995,1989
2026-06-02T13:30:00+00:00,509.7599999999995,512.5699999999995,500.70999999999947,507.2399999999995,1531
2026-06-02T13:45:00+00:00,507.2399999999995,519.2999999999995,505.7899999999995,518.3499999999995,1732
2026-06-02T14:00:00+00:00,518.3499999999995,518.7299999999994,510.95999999999947,511.1599999999995,1199
2026-06-02T14:15:00+00:00,511.1599999999995,511.1599999999995,503.0599999999995,504.5699999999995,1341
2026-06-02T14:30:00+00:00,504.5699999999995,508.5099999999995,504.5099999999995,507.4499999999995,1250
2026-06-02T14:45:00+00:00,507.4499999999995,508.0799999999995,505.5699999999995,507.3999999999995,916
2026-06-02T15:00:00+00:00,507.3999999999995,509.7499999999995,506.2999999999995,509.6599999999995,819
2026-06-02T15:15:00+00:00,509.6599999999995,512.2899999999995,508.8899999999995,512.2199999999995,840
2026-06-02T15:30:00+00:00,512.2199999999995,514.3799999999995,511.5499999999995,513.2699999999995,834
2026-06-02T15:45:00+00:00,513.2699999999995,517.1499999999995,512.2499999999995,516.0499999999995,821
2026-06-02T16:00:00+00:00,516.0499999999995,517.7999999999995,514.5599999999995,516.0099999999995,755
2026-06-02T16:15:00+00:00,516.0099999999995,516.0199999999995,511.7799999999995,512.0999999999995,627
2026-06-02T16:30:00+00:00,512.0999999999995,513.5099999999995,512.0099999999995,512.9799999999994,557
2026-06-02T16:45:00+00:00,512.9799999999994,514.8299999999995,512.5699999999995,513.8699999999995,545
2026-06-02T17:00:00+00:00,513.8699999999995,514.7699999999995,513.4199999999995,513.6199999999995,506
2026-06-02T17:15:00+00:00,513.6199999999995,513.7099999999995,510.9099999999995,511.6999999999995,649
2026-06-02T17:30:00+00:00,511.6999999999995,512.2899999999995,510.6299999999995,511.85999999999945,591
2026-06-02T17:45:00+00:00,511.85999999999945,514.6399999999995,511.5099999999995,514.1599999999995,708
2026-06-02T18:00:00+00:00,514.1599999999995,514.9999999999995,512.2499999999995,513.9899999999994,716
2026-06-02T18:15:00+00:00,513.9899999999994,515.8499999999995,513.7999999999995,515.2199999999995,658
2026-06-02T18:30:00+00:00,515.2199999999995,516.8099999999995,513.4099999999995,514.2199999999995,842
2026-06-02T18:45:00+00:00,514.2199999999995,514.9999999999995,513.6299999999995,514.4199999999995,543
2026-06-02T19:00:00+00:00,514.4199999999995,517.5699999999995,514.3099999999995,517.0599999999995,758
2026-06-02T19:15:00+00:00,517.0599999999995,517.8999999999995,516.4499999999995,516.4699999999995,742
2026-06-02T19:30:00+00:00,516.4699999999995,517.5999999999995,515.3099999999995,517.5799999999995,928
2026-06-02T19:45:00+00:00,517.5799999999995,521.9199999999995,517.1599999999995,520.9099999999995,1860
2026-06-03T13:30:00+00:00,520.9099999999995,543.4099999999995,520.9099999999995,530.4199999999995,2536
2026-06-03T13:45:00+00:00,530.4199999999995,534.8499999999995,523.6699999999995,529.2099999999995,2208
2026-06-03T14:00:00+00:00,529.2099999999995,536.7499999999995,528.5099999999995,536.6099999999994,1392
2026-06-03T14:15:00+00:00,536.6099999999994,538.9099999999995,531.5099999999995,535.3299999999995,1385
2026-06-03T14:30:00+00:00,535.3299999999995,537.3299999999995,531.7699999999995,534.8699999999995,1068
2026-06-03T14:45:00+00:00,534.8699999999995,537.1499999999995,527.9399999999994,529.7399999999994,1020.7927586729284
2026-06-03T15:00:00+00:00,529.7399999999994,538.5399999999994,529.1899999999994,538.2999999999994,1041
2026-06-03T15:15:00+00:00,538.2999999999994,538.7299999999994,527.9799999999994,530.7099999999994,1161
2026-06-03T15:30:00+00:00,530.7099999999994,536.2699999999994,530.1299999999994,530.4799999999994,1022
2026-06-03T15:45:00+00:00,530.4799999999994,533.2399999999994,528.7299999999994,531.7499999999994,838
2026-06-03T16:00:00+00:00,531.7499999999994,534.4799999999994,529.9099999999994,533.5699999999994,693
2026-06-03T16:15:00+00:00,533.5699999999994,533.7499999999994,529.1299999999994,530.7699999999994,783
2026-06-03T16:30:00+00:00,530.7699999999994,533.3499999999995,529.7299999999994,529.8099999999994,786
2026-06-03T16:45:00+00:00,529.8099999999994,534.4399999999994,529.8099999999994,534.3799999999994,694
2026-06-03T17:00:00+00:00,534.3799999999994,534.3999999999994,530.4299999999994,531.5499999999994,720
2026-06-03T17:15:00+00:00,531.5499999999994,533.7999999999994,530.5299999999994,533.6599999999994,581
2026-06-03T17:30:00+00:00,533.6599999999994,537.9999999999994,531.9799999999994,537.6499999999994,843
2026-06-03T17:45:00+00:00,537.6499999999994,540.8999999999994,536.3999999999994,540.4499999999994,947
2026-06-03T18:00:00+00:00,540.4499999999994,540.7999999999994,537.5699999999994,538.2499999999994,714
2026-06-03T18:15:00+00:00,538.2499999999994,544.6499999999994,537.5599999999994,544.2399999999994,996
2026-06-03T18:30:00+00:00,544.2399999999994,545.3799999999994,540.7299999999994,541.0199999999994,972
2026-06-03T18:45:00+00:00,541.0199999999994,542.2799999999994,539.5199999999994,540.5299999999994,791
2026-06-03T19:00:00+00:00,540.5299999999994,542.1499999999994,538.2299999999994,538.8099999999994,830
2026-06-03T19:15:00+00:00,538.8099999999994,538.8999999999994,535.4799999999994,538.3399999999995,733
2026-06-03T19:30:00+00:00,538.3399999999995,542.8599999999994,537.9999999999994,541.8499999999995,992
2026-06-03T19:45:00+00:00,541.8499999999995,543.5999999999995,540.8499999999995,542.0599999999994,1745
2026-06-04T13:30:00+00:00,542.0599999999994,542.0599999999994,504.24999999999943,504.6499999999994,2578
2026-06-04T13:45:00+00:00,504.6499999999994,509.7699999999994,502.4299999999994,502.4299999999994,2027
2026-06-04T14:00:00+00:00,502.4299999999994,506.7099999999994,498.8299999999994,506.4599999999994,2268
2026-06-04T14:15:00+00:00,506.4599999999994,515.3299999999994,506.2299999999994,515.2699999999994,1900
2026-06-04T14:30:00+00:00,515.2699999999994,516.4299999999994,512.2899999999994,512.3199999999994,1475
2026-06-04T14:45:00+00:00,512.3199999999994,520.3699999999994,512.1099999999994,519.8399999999995,1269
2026-06-04T15:00:00+00:00,519.8399999999995,525.0199999999994,518.4499999999994,524.7599999999994,1462
2026-06-04T15:15:00+00:00,524.7599999999994,525.4199999999994,522.7399999999994,522.9199999999994,1092
2026-06-04T15:30:00+00:00,522.9199999999994,523.9899999999994,522.2299999999994,522.6099999999994,853
2026-06-04T15:45:00+00:00,522.6099999999994,522.7999999999994,518.5299999999994,520.9199999999994,978
2026-06-04T16:00:00+00:00,520.9199999999994,521.1899999999994,518.7399999999994,519.2399999999994,649
2026-06-04T16:15:00+00:00,519.2399999999994,523.9799999999994,519.0399999999994,523.6699999999994,712
2026-06-04T16:30:00+00:00,523.6699999999994,523.8999999999994,520.2499999999994,522.4099999999994,763
2026-06-04T16:45:00+00:00,522.4099999999994,523.6699999999994,522.2399999999994,522.8699999999994,584
2026-06-04T17:00:00+00:00,522.8699999999994,524.6499999999994,522.0299999999994,524.5999999999995,725
2026-06-04T17:15:00+00:00,524.5999999999995,524.5999999999995,522.0899999999995,523.8099999999994,637
2026-06-04T17:30:00+00:00,523.8099999999994,526.4999999999994,523.2699999999994,525.3599999999994,667
2026-06-04T17:45:00+00:00,525.3599999999994,527.7799999999994,525.2899999999994,527.0499999999994,683
2026-06-04T18:00:00+00:00,527.0499999999994,531.3199999999994,527.0099999999994,530.3399999999995,1011
2026-06-04T18:15:00+00:00,530.3399999999995,530.3399999999995,527.7699999999994,529.5199999999994,696
2026-06-04T18:30:00+00:00,529.5199999999994,529.7099999999994,525.2399999999994,525.6899999999994,731
2026-06-04T18:45:00+00:00,525.6899999999994,527.7199999999995,524.6999999999994,525.5899999999995,795
2026-06-04T19:00:00+00:00,525.5899999999995,526.8999999999994,524.2399999999994,524.7399999999994,647
2026-06-04T19:15:00+00:00,524.7399999999994,526.4399999999994,522.1499999999994,526.4399999999994,700
2026-06-04T19:30:00+00:00,526.4399999999994,530.1399999999994,524.5499999999994,524.8699999999994,1078
2026-06-04T19:45:00+00:00,524.8699999999994,525.1199999999994,520.9999999999994,522.5999999999995,1711
2026-06-05T13:30:00+00:00,522.5999999999995,522.5999999999995,493.6399999999994,493.7599999999994,2986
2026-06-05T13:45:00+00:00,493.7599999999994,494.99999999999943,484.4499999999994,484.4599999999994,3175
2026-06-05T14:00:00+00:00,484.4599999999994,490.36999999999944,483.3299999999994,490.36999999999944,2036.4089893781927
2026-06-05T14:15:00+00:00,490.36999999999944,494.3999999999995,485.12999999999954,486.4599999999996,1571.448562704507
2026-06-05T14:30:00+00:00,486.4599999999996,501.8899999999993,486.01999999999964,496.1899999999993,1458.0689772162239
2026-06-05T14:45:00+00:00,496.1899999999993,497.6799999999993,492.82999999999936,495.2999999999994,1263.433923847587
2026-06-05T15:00:00+00:00,495.2999999999994,495.7299999999994,488.01999999999964,488.0499999999996,1275.7454052115224
2026-06-05T15:15:00+00:00,488.0499999999996,489.6899999999996,483.4699999999995,484.05999999999955,1518.578005112245
2026-06-05T15:30:00+00:00,484.05999999999955,485.3999999999995,480.86999999999955,483.5399999999995,1907
2026-06-05T15:45:00+00:00,483.5399999999995,486.29999999999956,482.7199999999995,483.68999999999954,1568
2026-06-05T16:00:00+00:00,483.68999999999954,483.68999999999954,479.35999999999956,479.85999999999956,1929
2026-06-05T16:15:00+00:00,479.85999999999956,479.85999999999956,475.49999999999955,475.6599999999995,2083
2026-06-05T16:30:00+00:00,475.6599999999995,476.3499999999995,470.5999999999995,471.37999999999954,2311
2026-06-05T16:45:00+00:00,471.37999999999954,475.32999999999953,468.6599999999995,474.42999999999955,2695
2026-06-05T17:00:00+00:00,474.42999999999955,474.8399999999995,469.75999999999954,472.0399999999995,1785
2026-06-05T17:15:00+00:00,472.0399999999995,474.2299999999995,470.7799999999995,472.88999999999953,1734
2026-06-05T17:30:00+00:00,472.88999999999953,476.4099999999995,470.7899999999995,471.4099999999995,1738
2026-06-05T17:45:00+00:00,471.4099999999995,475.8399999999995,470.9799999999995,475.3999999999995,1567
2026-06-05T18:00:00+00:00,475.3999999999995,476.1499999999995,469.31999999999954,469.75999999999954,1513
2026-06-05T18:15:00+00:00,469.75999999999954,470.10999999999956,465.98999999999955,467.44999999999953,2069
2026-06-05T18:30:00+00:00,467.44999999999953,467.98999999999955,463.56999999999954,465.5899999999995,2047
2026-06-05T18:45:00+00:00,465.5899999999995,468.9099999999995,461.82999999999953,468.80999999999955,2617
2026-06-05T19:00:00+00:00,468.80999999999955,470.10999999999956,464.4699999999995,466.0999999999995,2044
2026-06-05T19:15:00+00:00,466.0999999999995,470.5999999999995,462.7699999999995,470.1699999999995,2043
2026-06-05T19:30:00+00:00,470.1699999999995,470.98999999999955,466.18999999999954,469.9699999999995,2543
2026-06-05T19:45:00+00:00,469.9699999999995,474.0999999999995,463.00999999999954,464.87999999999954,2933
2026-06-08T13:30:00+00:00,464.87999999999954,487.86999999999955,464.87999999999954,484.56999999999954,2823
2026-06-08T13:45:00+00:00,484.56999999999954,488.10999999999956,475.9699999999995,476.1699999999995,2121
2026-06-08T14:00:00+00:00,476.1699999999995,484.4199999999995,475.67999999999955,483.0299999999995,1922
2026-06-08T14:15:00+00:00,483.0299999999995,486.74999999999955,480.5899999999995,485.00999999999954,1432
2026-06-08T14:30:00+00:00,485.00999999999954,488.57999999999953,483.9699999999995,486.6699999999995,1512
2026-06-08T14:45:00+00:00,486.6699999999995,489.37999999999954,486.1599999999995,487.68999999999954,1312
2026-06-08T15:00:00+00:00,487.68999999999954,491.7699999999995,487.42999999999955,490.99999999999955,1380
2026-06-08T15:15:00+00:00,490.99999999999955,492.1599999999995,487.68999999999954,487.88999999999953,1443
2026-06-08T15:30:00+00:00,487.88999999999953,489.8499999999995,485.8399999999995,489.8499999999995,1347
2026-06-08T15:45:00+00:00,489.8499999999995,490.13999999999953,486.80999999999955,487.35999999999956,1028
2026-06-08T16:00:00+00:00,487.35999999999956,488.49999999999955,485.4699999999995,487.43999999999954,940
2026-06-08T16:15:00+00:00,487.43999999999954,488.99999999999955,485.2799999999995,485.67999999999955,810
2026-06-08T16:30:00+00:00,485.67999999999955,489.07999999999953,485.57999999999953,488.8499999999995,882
2026-06-08T16:45:00+00:00,488.8499999999995,491.18999999999954,488.35999999999956,488.86999999999955,937
2026-06-08T17:00:00+00:00,488.86999999999955,488.86999999999955,485.7299999999995,486.60999999999956,955
2026-06-08T17:15:00+00:00,486.60999999999956,488.6499999999995,484.2699999999995,488.3499999999995,943
2026-06-08T17:30:00+00:00,488.3499999999995,489.2899999999995,485.5299999999995,486.3399999999995,776
2026-06-08T17:45:00+00:00,486.3399999999995,489.88999999999953,486.3399999999995,488.5899999999995,707
2026-06-08T18:00:00+00:00,488.5899999999995,491.68999999999954,488.44999999999953,489.80999999999955,856
2026-06-08T18:15:00+00:00,489.80999999999955,490.9599999999995,488.7199999999995,489.99999999999955,598
2026-06-08T18:30:00+00:00,489.99999999999955,492.80999999999955,488.5399999999995,488.87999999999954,907
2026-06-08T18:45:00+00:00,488.87999999999954,490.19999999999953,488.5199999999995,489.4799999999995,725
2026-06-08T19:00:00+00:00,489.4799999999995,489.7799999999995,485.54999999999956,485.7199999999995,911
2026-06-08T19:15:00+00:00,485.7199999999995,486.54999999999956,484.05999999999955,485.93999999999954,1097
2026-06-08T19:30:00+00:00,485.93999999999954,489.2299999999995,485.2799999999995,485.8399999999995,1209
2026-06-08T19:45:00+00:00,485.8399999999995,489.18999999999954,485.2199999999995,487.9099999999995,1973
2026-06-09T13:30:00+00:00,487.9099999999995,501.7899999999995,486.07999999999953,486.8399999999995,3009
2026-06-09T13:45:00+00:00,486.8399999999995,491.75999999999954,485.4699999999995,486.92999999999955,2561
2026-06-09T14:00:00+00:00,486.92999999999955,492.7099999999995,484.62999999999954,485.2699999999995,2634
2026-06-09T14:15:00+00:00,485.2699999999995,488.69999999999953,482.06999999999954,484.85999999999956,2799
2026-06-09T14:30:00+00:00,484.85999999999956,486.63999999999953,477.9799999999995,478.2299999999995,2505
2026-06-09T14:45:00+00:00,478.2299999999995,479.81999999999954,471.5299999999995,475.9699999999995,2708
2026-06-09T15:00:00+00:00,475.9699999999995,479.9199999999995,472.1499999999995,477.17999999999955,1490
2026-06-09T15:15:00+00:00,477.17999999999955,477.3499999999995,463.31999999999954,463.98999999999955,1632
2026-06-09T15:30:00+00:00,463.98999999999955,468.60999999999956,462.3499999999995,466.73999999999955,2132
2026-06-09T15:45:00+00:00,466.73999999999955,469.38999999999953,456.9799999999995,457.6699999999995,2256
2026-06-09T16:00:00+00:00,457.6699999999995,459.92999999999955,448.9699999999995,450.44999999999953,3016
2026-06-09T16:15:00+00:00,450.44999999999953,450.7199999999995,441.30999999999955,444.93999999999954,2631
2026-06-09T16:30:00+00:00,444.93999999999954,446.2099999999995,435.11999999999955,440.67999999999955,3084
2026-06-09T16:45:00+00:00,440.67999999999955,444.79999999999956,437.4699999999995,443.9799999999995,2664
2026-06-09T17:00:00+00:00,443.9799999999995,453.1599999999995,443.0899999999995,452.4599999999995,2411
2026-06-09T17:15:00+00:00,452.4599999999995,457.10999999999956,450.04999999999956,456.19999999999953,1852
2026-06-09T17:30:00+00:00,456.19999999999953,462.0299999999995,454.50999999999954,459.99999999999955,1634
2026-06-09T17:45:00+00:00,459.99999999999955,460.49999999999955,453.2099999999995,458.31999999999954,1820
2026-06-09T18:00:00+00:00,458.31999999999954,460.2099999999995,455.99999999999955,459.3999999999995,1406
2026-06-09T18:15:00+00:00,459.3999999999995,463.86999999999955,457.4699999999995,463.67999999999955,1504
2026-06-09T18:30:00+00:00,463.67999999999955,465.8999999999995,461.99999999999955,462.19999999999953,1393
2026-06-09T18:45:00+00:00,462.19999999999953,467.0399999999995,461.99999999999955,466.05999999999955,1197
2026-06-09T19:00:00+00:00,466.05999999999955,468.98999999999955,462.29999999999956,462.68999999999954,1663
2026-06-09T19:15:00+00:00,462.68999999999954,465.18999999999954,458.37999999999954,465.18999999999954,1949
2026-06-09T19:30:00+00:00,465.18999999999954,467.81999999999954,461.9699999999995,464.98999999999955,1865
2026-06-09T19:45:00+00:00,464.98999999999955,474.0299999999995,462.1699999999995,473.73999999999955,2574
2026-06-10T13:30:00+00:00,473.73999999999955,473.73999999999955,462.04999999999956,469.2099999999995,2604
2026-06-10T13:45:00+00:00,469.2099999999995,475.10999999999956,463.99999999999955,464.94999999999953,2518
2026-06-10T14:00:00+00:00,464.94999999999953,471.9199999999995,462.9799999999995,468.1599999999995,2247
2026-06-10T14:15:00+00:00,468.1599999999995,473.1499999999995,466.4799999999995,471.0299999999995,1652
2026-06-10T14:30:00+00:00,471.0299999999995,474.05999999999955,468.6599999999995,468.98999999999955,1394
2026-06-10T14:45:00+00:00,468.98999999999955,469.73999999999955,459.81999999999954,461.76999999999947,2017.5904598761365
2026-06-10T15:00:00+00:00,461.76999999999947,464.1899999999995,454.46999999999946,454.46999999999946,2204
2026-06-10T15:15:00+00:00,454.46999999999946,458.1099999999995,449.4999999999995,454.8799999999995,1707
2026-06-10T15:30:00+00:00,454.8799999999995,457.9399999999995,453.58999999999946,457.59999999999945,1136
2026-06-10T15:45:00+00:00,457.59999999999945,459.53999999999945,450.3899999999995,458.8899999999995,1599
2026-06-10T16:00:00+00:00,458.8899999999995,459.8899999999995,453.14999999999947,453.39999999999947,1058
2026-06-10T16:15:00+00:00,453.39999999999947,455.2399999999995,452.58999999999946,453.71999999999946,995
2026-06-10T16:30:00+00:00,453.71999999999946,457.5699999999995,452.70999999999947,453.9899999999995,1148
2026-06-10T16:45:00+00:00,453.9899999999995,453.9899999999995,451.08999999999946,452.3699999999995,1059
2026-06-10T17:00:00+00:00,452.3699999999995,454.3799999999995,450.08999999999946,450.4199999999995,1084
2026-06-10T17:15:00+00:00,450.4199999999995,451.83999999999946,449.58999999999946,451.64999999999947,970
2026-06-10T17:30:00+00:00,451.64999999999947,452.4799999999995,450.45999999999947,451.20999999999947,846
2026-06-10T17:45:00+00:00,451.20999999999947,457.0599999999995,451.1099999999995,456.21999999999946,1258
2026-06-10T18:00:00+00:00,456.21999999999946,457.4199999999995,454.1899999999995,455.2299999999995,893
2026-06-10T18:15:00+00:00,455.2299999999995,456.01999999999947,452.1799999999995,452.8799999999995,908
2026-06-10T18:30:00+00:00,452.8799999999995,453.2999999999995,450.4199999999995,451.33999999999946,958
2026-06-10T18:45:00+00:00,451.33999999999946,451.8299999999995,448.90999999999946,450.03999999999945,1148
2026-06-10T19:00:00+00:00,450.03999999999945,452.7599999999995,449.14999999999947,449.9499999999995,1270
2026-06-10T19:15:00+00:00,449.9499999999995,450.01999999999947,446.4399999999995,448.9399999999995,1467
2026-06-10T19:30:00+00:00,448.9399999999995,452.6099999999995,448.08999999999946,451.8599999999995,1743
2026-06-10T19:45:00+00:00,451.8599999999995,453.7299999999995,448.58999999999946,449.9199999999995,2136
2026-06-11T13:30:00+00:00,449.9199999999995,468.28999999999945,449.9199999999995,466.7399999999995,2265
2026-06-11T13:45:00+00:00,466.7399999999995,477.0599999999995,466.33999999999946,474.3299999999995,2445
2026-06-11T14:00:00+00:00,474.3299999999995,477.9999999999995,467.1199999999995,467.15999999999946,2231
2026-06-11T14:15:00+00:00,467.15999999999946,471.3099999999995,464.58999999999946,470.3799999999995,2014
2026-06-11T14:30:00+00:00,470.3799999999995,472.9199999999995,468.51999999999947,468.6099999999995,1343
2026-06-11T14:45:00+00:00,468.6099999999995,469.6399999999995,461.58999999999946,463.0099999999995,1404
2026-06-11T15:00:00+00:00,463.0099999999995,465.9299999999995,459.6099999999995,465.01999999999947,1406
2026-06-11T15:15:00+00:00,465.01999999999947,467.2599999999995,463.45999999999947,464.6099999999995,1129
2026-06-11T15:30:00+00:00,464.6099999999995,467.59999999999945,463.3799999999995,463.39999999999947,1053
2026-06-11T15:45:00+00:00,463.39999999999947,465.0099999999995,461.3899999999995,463.8099999999995,979
2026-06-11T16:00:00+00:00,463.8099999999995,466.65999999999946,463.08999999999946,465.4299999999995,892
2026-06-11T16:15:00+00:00,465.4299999999995,466.27999999999946,462.58999999999946,462.6099999999995,830
2026-06-11T16:30:00+00:00,462.6099999999995,466.3799999999995,462.1799999999995,464.45999999999947,713
2026-06-11T16:45:00+00:00,464.45999999999947,464.6199999999995,460.09999999999945,460.1199999999995,696
2026-06-11T17:00:00+00:00,460.1199999999995,461.1999999999995,458.08999999999946,458.3899999999995,822
2026-06-11T17:15:00+00:00,458.3899999999995,468.15999999999946,456.08999999999946,467.9199999999995,1302
2026-06-11T17:30:00+00:00,467.9199999999995,475.71999999999946,467.89999999999947,475.5499999999995,1728
2026-06-11T17:45:00+00:00,475.5499999999995,476.09999999999945,470.9999999999995,473.1699999999995,1073
2026-06-11T18:00:00+00:00,473.1699999999995,475.09999999999945,469.45999999999947,473.6799999999995,1037
2026-06-11T18:15:00+00:00,473.6799999999995,475.77999999999946,472.3099999999995,474.7299999999995,1001
2026-06-11T18:30:00+00:00,474.7299999999995,476.6399999999995,474.2599999999995,476.4499999999995,864
2026-06-11T18:45:00+00:00,476.4499999999995,479.7599999999995,476.26999999999947,479.45999999999947,1024
2026-06-11T19:00:00+00:00,479.45999999999947,483.26999999999947,477.83999999999946,482.8299999999995,1370
2026-06-11T19:15:00+00:00,482.8299999999995,486.1299999999995,482.5099999999995,484.5499999999995,1164
2026-06-11T19:30:00+00:00,484.5499999999995,487.8899999999995,483.59999999999945,486.4999999999995,1781
2026-06-11T19:45:00+00:00,486.4999999999995,488.40999999999946,484.14999999999947,486.4899999999995,2691
2026-06-12T13:30:00+00:00,486.4899999999995,508.1199999999995,486.4899999999995,500.27999999999946,5339
2026-06-12T13:45:00+00:00,500.27999999999946,511.18999999999943,498.09999999999945,507.27999999999946,4082
2026-06-12T14:00:00+00:00,507.27999999999946,515.4199999999994,507.26999999999947,513.2299999999994,2170
2026-06-12T14:15:00+00:00,513.2299999999994,515.5199999999994,510.5399999999994,511.5099999999994,1795
2026-06-12T14:30:00+00:00,511.5099999999994,514.7699999999994,508.0999999999994,508.18999999999943,1586
2026-06-12T14:45:00+00:00,508.18999999999943,512.3299999999995,504.8799999999994,511.09999999999945,1917.3331993569132
2026-06-12T15:00:00+00:00,511.09999999999945,512.4299999999994,508.61999999999944,512.4299999999994,1213
2026-06-12T15:15:00+00:00,512.4299999999994,514.4899999999994,511.08999999999946,512.8599999999994,1119
2026-06-12T15:30:00+00:00,512.8599999999994,514.3599999999994,508.11999999999944,508.4099999999994,1340
2026-06-12T15:45:00+00:00,508.4099999999994,510.5199999999994,502.8399999999994,503.61999999999944,2476
2026-06-12T16:00:00+00:00,503.61999999999944,510.5299999999994,502.67999999999944,509.3299999999994,2449
2026-06-12T16:15:00+00:00,509.3299999999994,512.2699999999994,508.6099999999994,510.98999999999944,1891
2026-06-12T16:30:00+00:00,510.98999999999944,511.83999999999946,508.5399999999994,508.6099999999994,1641
2026-06-12T16:45:00+00:00,508.6099999999994,512.1499999999994,508.5399999999994,511.85999999999945,1472
2026-06-12T17:00:00+00:00,511.85999999999945,515.3699999999994,511.5599999999994,514.1299999999994,1688
2026-06-12T17:15:00+00:00,514.1299999999994,517.8899999999994,513.8299999999994,517.2899999999994,1430
2026-06-12T17:30:00+00:00,517.2899999999994,518.9799999999994,515.3799999999994,518.1699999999994,1626
2026-06-12T17:45:00+00:00,518.1699999999994,519.7099999999995,516.0999999999995,517.4599999999995,1632
2026-06-12T18:00:00+00:00,517.4599999999995,517.6899999999994,512.1099999999994,512.1299999999994,1834
2026-06-12T18:15:00+00:00,512.1299999999994,513.5199999999994,510.1699999999994,512.7899999999994,1604
2026-06-12T18:30:00+00:00,512.7899999999994,514.3799999999994,512.6399999999994,513.6699999999994,1394
2026-06-12T18:45:00+00:00,513.6699999999994,514.8099999999994,510.6899999999994,511.59999999999945,1590
2026-06-12T19:00:00+00:00,511.59999999999945,514.6199999999994,511.24999999999943,511.6299999999994,1613
2026-06-12T19:15:00+00:00,511.6299999999994,512.8599999999994,510.69999999999936,510.7799999999994,1476
2026-06-12T19:30:00+00:00,510.7799999999994,513.6999999999994,508.3199999999994,511.6699999999994,2501
2026-06-12T19:45:00+00:00,511.6699999999994,512.0199999999994,508.7699999999994,509.9699999999994,2519
2026-06-15T13:30:00+00:00,509.9699999999994,551.2899999999994,509.9699999999994,549.9799999999994,3707
2026-06-15T13:45:00+00:00,549.9799999999994,556.3099999999994,546.0999999999995,546.6199999999994,2544
2026-06-15T14:00:00+00:00,546.6199999999994,552.7099999999995,545.7999999999994,550.8099999999994,2242
2026-06-15T14:15:00+00:00,550.8099999999994,551.3299999999994,546.0999999999995,548.6199999999994,1781
2026-06-15T14:30:00+00:00,548.6199999999994,550.5799999999994,543.5999999999995,545.0999999999995,1486
2026-06-15T14:45:00+00:00,545.0999999999995,548.4799999999994,543.9799999999994,547.0899999999995,1210
2026-06-15T15:00:00+00:00,547.0899999999995,550.5399999999994,546.8099999999994,548.7999999999994,1044
2026-06-15T15:15:00+00:00,548.7999999999994,548.8199999999994,546.1099999999994,547.5599999999994,853
2026-06-15T15:30:00+00:00,547.5599999999994,548.0699999999994,544.5999999999995,545.2199999999995,933
2026-06-15T15:45:00+00:00,545.2199999999995,545.9199999999994,544.1599999999994,545.1199999999994,860
2026-06-15T16:00:00+00:00,545.1199999999994,547.5099999999994,543.9999999999994,547.1899999999994,751
2026-06-15T16:15:00+00:00,547.1899999999994,549.6599999999994,545.8999999999994,548.9899999999994,771
2026-06-15T16:30:00+00:00,548.9899999999994,549.7799999999994,546.8799999999994,548.2699999999994,728
2026-06-15T16:45:00+00:00,548.2699999999994,548.4399999999994,546.5299999999994,547.3499999999995,692
2026-06-15T17:00:00+00:00,547.3499999999995,548.1799999999994,545.0999999999995,545.4899999999994,660
2026-06-15T17:15:00+00:00,545.4899999999994,546.9599999999995,545.1099999999994,546.5099999999994,575
2026-06-15T17:30:00+00:00,546.5099999999994,548.7299999999994,545.7999999999994,547.1099999999994,584
2026-06-15T17:45:00+00:00,547.1099999999994,548.0599999999994,546.2799999999994,547.0999999999995,587
2026-06-15T18:00:00+00:00,547.0999999999995,547.8999999999994,545.7999999999994,546.5699999999994,613
2026-06-15T18:15:00+00:00,546.5699999999994,546.8099999999994,544.5999999999995,545.0199999999994,665
2026-06-15T18:30:00+00:00,545.0199999999994,546.9799999999994,544.5999999999995,546.4099999999994,634
2026-06-15T18:45:00+00:00,546.4099999999994,546.6699999999994,544.3499999999995,544.3699999999994,631
2026-06-15T19:00:00+00:00,544.3699999999994,545.4899999999994,541.5999999999995,542.9199999999994,924
2026-06-15T19:15:00+00:00,542.9199999999994,544.9499999999994,542.3399999999995,543.5499999999994,841
2026-06-15T19:30:00+00:00,543.5499999999994,547.1599999999994,543.3499999999995,545.8099999999994,1003
2026-06-15T19:45:00+00:00,545.8099999999994,546.5999999999995,544.1099999999994,545.4299999999994,1981
2026-06-16T13:30:00+00:00,545.4299999999994,546.6799999999994,537.4499999999994,537.4699999999995,1948
2026-06-16T13:45:00+00:00,537.4699999999995,540.9399999999994,536.8999999999994,537.8399999999995,1352
2026-06-16T14:00:00+00:00,537.8399999999995,539.5399999999994,533.5999999999995,535.3599999999994,1410
2026-06-16T14:15:00+00:00,535.3599999999994,536.3099999999994,525.4099999999994,526.2499999999994,1843
2026-06-16T14:30:00+00:00,526.2499999999994,529.5199999999994,521.1099999999994,527.6099999999994,1687
2026-06-16T14:45:00+00:00,527.6099999999994,527.6099999999994,519.1799999999994,520.6799999999994,1298
2026-06-16T15:00:00+00:00,520.6799999999994,526.1999999999994,520.1099999999994,525.0499999999994,1089
2026-06-16T15:15:00+00:00,525.0499999999994,527.2699999999994,517.7099999999995,519.5999999999995,1254
2026-06-16T15:30:00+00:00,519.5999999999995,522.0699999999994,516.1099999999994,516.2299999999994,1120
2026-06-16T15:45:00+00:00,516.2299999999994,520.5899999999995,513.6099999999994,518.1199999999994,1449
2026-06-16T16:00:00+00:00,518.1199999999994,523.1899999999994,517.9599999999995,521.4199999999994,956
2026-06-16T16:15:00+00:00,521.4199999999994,522.4899999999994,519.1199999999994,520.9199999999994,717
2026-06-16T16:30:00+00:00,520.9199999999994,520.9899999999994,515.4299999999994,518.1099999999994,901
2026-06-16T16:45:00+00:00,518.1099999999994,520.0999999999995,517.3599999999994,519.8699999999994,684
2026-06-16T17:00:00+00:00,519.8699999999994,520.1099999999994,517.7099999999995,519.0999999999995,668
2026-06-16T17:15:00+00:00,519.0999999999995,519.7199999999995,517.0199999999994,518.6899999999994,627
2026-06-16T17:30:00+00:00,518.6899999999994,519.3499999999995,515.5999999999995,517.9199999999994,777
2026-06-16T17:45:00+00:00,517.9199999999994,520.8099999999994,517.7299999999994,518.7399999999994,735
2026-06-16T18:00:00+00:00,518.7399999999994,519.5799999999994,517.7299999999994,517.8899999999994,638
2026-06-16T18:15:00+00:00,517.8899999999994,518.0799999999994,516.3199999999994,516.9699999999995,763
2026-06-16T18:30:00+00:00,516.9699999999995,517.0299999999994,514.4199999999994,515.6699999999994,730
2026-06-16T18:45:00+00:00,515.6699999999994,515.7899999999994,513.1999999999994,514.2199999999995,728
2026-06-16T19:00:00+00:00,514.2199999999995,517.8799999999994,512.2499999999994,512.4199999999994,1005
2026-06-16T19:15:00+00:00,512.4199999999994,515.6599999999994,510.3999999999994,515.3499999999995,997
2026-06-16T19:30:00+00:00,515.3499999999995,516.2699999999994,510.2999999999994,512.0099999999994,1220
2026-06-16T19:45:00+00:00,512.0099999999994,512.0299999999994,505.17999999999944,505.9099999999994,2376
2026-06-17T13:30:00+00:00,505.9099999999994,526.6199999999994,505.9099999999994,517.4199999999994,4115
2026-06-17T13:45:00+00:00,517.4199999999994,518.7999999999994,505.3999999999994,506.4499999999994,4287
2026-06-17T14:00:00+00:00,506.4499999999994,513.9099999999994,505.8499999999994,513.1299999999994,4021
2026-06-17T14:15:00+00:00,513.1299999999994,520.0099999999994,513.1099999999994,519.4299999999994,3617
2026-06-17T14:30:00+00:00,519.4299999999994,521.0699999999994,516.3099999999994,519.5699999999994,2473
2026-06-17T14:45:00+00:00,519.5699999999994,521.9999999999994,514.1299999999994,517.5599999999995,3126.7304054054057
2026-06-17T15:00:00+00:00,517.5599999999995,521.8499999999996,517.4799999999996,520.9199999999995,2094
2026-06-17T15:15:00+00:00,520.9199999999995,522.7699999999995,519.9199999999995,521.1799999999995,1822
2026-06-17T15:30:00+00:00,521.1799999999995,522.8199999999996,520.3399999999996,521.5099999999995,1544
2026-06-17T15:45:00+00:00,521.5099999999995,522.5699999999996,520.6799999999995,522.3499999999996,1167
2026-06-17T16:00:00+00:00,522.3499999999996,523.4099999999995,519.6199999999995,520.2899999999995,1210
2026-06-17T16:15:00+00:00,520.2899999999995,522.0199999999995,519.8299999999996,521.0599999999995,865
2026-06-17T16:30:00+00:00,521.0599999999995,521.7599999999995,520.0299999999995,520.3399999999996,849
2026-06-17T16:45:00+00:00,520.3399999999996,520.8699999999995,519.2899999999995,519.9599999999996,911
2026-06-17T17:00:00+00:00,519.9599999999996,521.5799999999996,518.4599999999996,520.5799999999996,1315
2026-06-17T17:15:00+00:00,520.5799999999996,523.6799999999995,519.8299999999996,523.3399999999996,1111
2026-06-17T17:30:00+00:00,523.3399999999996,523.3399999999996,520.8999999999995,521.1599999999995,880
2026-06-17T17:45:00+00:00,521.1599999999995,522.1399999999995,519.7699999999995,522.0299999999995,931
2026-06-17T18:00:00+00:00,522.0299999999995,522.3799999999995,509.72999999999956,518.9399999999996,5138
2026-06-17T18:15:00+00:00,518.9399999999996,521.7899999999995,515.5399999999995,517.3899999999995,3049
2026-06-17T18:30:00+00:00,517.3899999999995,530.6499999999995,516.3299999999996,530.4799999999996,4512
2026-06-17T18:45:00+00:00,530.4799999999996,530.4999999999995,518.1799999999995,520.3399999999996,3876
2026-06-17T19:00:00+00:00,520.3399999999996,523.8499999999996,517.3399999999996,522.6999999999996,4561
2026-06-17T19:15:00+00:00,522.6999999999996,523.0899999999996,513.5099999999995,515.0699999999996,3849
2026-06-17T19:30:00+00:00,515.0699999999996,517.0099999999995,509.34999999999957,510.72999999999956,5238
2026-06-17T19:45:00+00:00,510.72999999999956,513.6199999999995,509.31999999999954,510.36999999999955,4539
2026-06-18T13:30:00+00:00,510.36999999999955,533.9299999999995,510.36999999999955,528.5999999999996,4698
2026-06-18T13:45:00+00:00,528.5999999999996,533.3699999999995,525.3399999999996,528.3399999999996,4407
2026-06-18T14:00:00+00:00,528.3399999999996,531.9599999999996,526.8299999999996,529.2099999999996,3967
2026-06-18T14:15:00+00:00,529.2099999999996,535.0199999999995,528.3399999999996,529.1599999999995,3687
2026-06-18T14:30:00+00:00,529.1599999999995,529.6099999999996,526.4199999999995,526.8499999999996,2377
2026-06-18T14:45:00+00:00,526.8499999999996,532.2699999999995,526.8299999999996,531.6499999999995,2430.9225424308006
2026-06-18T15:00:00+00:00,531.6499999999995,537.8199999999995,530.4799999999996,535.6599999999995,2567
2026-06-18T15:15:00+00:00,535.6599999999995,536.8699999999995,529.5999999999996,529.8499999999996,1995
2026-06-18T15:30:00+00:00,529.8499999999996,530.8499999999996,524.6999999999995,526.5799999999995,2251
2026-06-18T15:45:00+00:00,526.5799999999995,533.3699999999995,525.3699999999995,533.3699999999995,1588
2026-06-18T16:00:00+00:00,533.3699999999995,534.6699999999995,531.4499999999995,531.7999999999995,1576
2026-06-18T16:15:00+00:00,531.7999999999995,533.1899999999995,530.7799999999995,532.9099999999995,1312
2026-06-18T16:30:00+00:00,532.9099999999995,533.0899999999996,530.9199999999995,532.1399999999995,1048
2026-06-18T16:45:00+00:00,532.1399999999995,532.9299999999995,530.8799999999995,532.2699999999995,1148
2026-06-18T17:00:00+00:00,532.2699999999995,533.0499999999995,530.6999999999995,532.3599999999996,986
2026-06-18T17:15:00+00:00,532.3599999999996,532.9499999999995,531.0699999999995,531.7899999999995,833
2026-06-18T17:30:00+00:00,531.7899999999995,532.8499999999996,531.5099999999995,532.5599999999995,812
2026-06-18T17:45:00+00:00,532.5599999999995,533.8499999999996,532.1999999999995,532.4199999999995,872
2026-06-18T18:00:00+00:00,532.4199999999995,532.9899999999996,530.4699999999996,530.5499999999995,911
2026-06-18T18:15:00+00:00,530.5499999999995,532.0499999999995,530.1499999999995,531.3599999999996,921
2026-06-18T18:30:00+00:00,531.3599999999996,531.3699999999995,528.3599999999996,528.4699999999996,1015
2026-06-18T18:45:00+00:00,528.4699999999996,529.9699999999996,527.4499999999995,529.4799999999996,1020
2026-06-18T19:00:00+00:00,529.4799999999996,530.0599999999995,528.3499999999996,529.4799999999996,1472
2026-06-18T19:15:00+00:00,529.4799999999996,532.5099999999995,528.9199999999995,529.1999999999995,1413
2026-06-18T19:30:00+00:00,529.1999999999995,531.8899999999995,528.8499999999996,531.8199999999995,1397
2026-06-18T19:45:00+00:00,531.8199999999995,537.8999999999995,530.2599999999995,534.8099999999995,2439
2026-06-22T13:30:00+00:00,534.8099999999995,548.5299999999995,533.6099999999996,539.6599999999995,3630
2026-06-22T13:45:00+00:00,539.6599999999995,560.7899999999995,539.4299999999995,555.5699999999995,3757
2026-06-22T14:00:00+00:00,555.5699999999995,556.6499999999995,545.9899999999996,546.0099999999995,2863
2026-06-22T14:15:00+00:00,546.0099999999995,546.6599999999995,541.4099999999995,542.4199999999995,2767
2026-06-22T14:30:00+00:00,542.4199999999995,543.0699999999995,538.9899999999996,539.6499999999995,2252
2026-06-22T14:45:00+00:00,539.6499999999995,544.7799999999995,539.5299999999995,543.7099999999996,2090
2026-06-22T15:00:00+00:00,543.7099999999996,546.9799999999996,542.7499999999995,544.9799999999996,1655
2026-06-22T15:15:00+00:00,544.9799999999996,546.9099999999995,542.6299999999995,543.3399999999996,1484
2026-06-22T15:30:00+00:00,543.3399999999996,544.1199999999995,540.7499999999995,542.0099999999995,1343
2026-06-22T15:45:00+00:00,542.0099999999995,543.1599999999995,535.3699999999995,535.9399999999995,1555
2026-06-22T16:00:00+00:00,535.9399999999995,540.1999999999995,534.9599999999996,538.9899999999996,1408
2026-06-22T16:15:00+00:00,538.9899999999996,540.9699999999996,538.0899999999996,540.6699999999995,1036
2026-06-22T16:30:00+00:00,540.6699999999995,540.6999999999995,537.6399999999995,539.8499999999996,1025
2026-06-22T16:45:00+00:00,539.8499999999996,543.3699999999995,538.0099999999995,542.3399999999996,1010
2026-06-22T17:00:00+00:00,542.3399999999996,543.0699999999995,539.8499999999996,541.2399999999996,704
2026-06-22T17:15:00+00:00,541.2399999999996,542.4399999999995,541.0699999999995,541.7799999999995,578
2026-06-22T17:30:00+00:00,541.7799999999995,542.6499999999995,540.8399999999996,541.7499999999995,722
2026-06-22T17:45:00+00:00,541.7499999999995,545.2799999999995,541.3599999999996,543.9799999999996,736
2026-06-22T18:00:00+00:00,543.9799999999996,544.5699999999995,543.2599999999995,543.7699999999995,634
2026-06-22T18:15:00+00:00,543.7699999999995,544.9199999999995,543.3499999999996,544.2099999999996,652
2026-06-22T18:30:00+00:00,544.2099999999996,545.8399999999996,542.4099999999995,542.5699999999995,781
2026-06-22T18:45:00+00:00,542.5699999999995,544.7599999999995,542.4299999999995,543.4299999999995,938
2026-06-22T19:00:00+00:00,543.4299999999995,545.9999999999995,542.7499999999995,545.1699999999995,962
2026-06-22T19:15:00+00:00,545.1699999999995,545.6199999999995,542.3299999999995,542.3699999999995,957
2026-06-22T19:30:00+00:00,542.3699999999995,545.4099999999995,542.3599999999996,543.2399999999996,992
2026-06-22T19:45:00+00:00,543.2399999999996,550.3699999999995,543.2199999999996,550.2799999999995,2017
2026-06-23T13:30:00+00:00,550.2799999999995,550.2799999999995,505.24999999999955,511.0299999999995,3274
2026-06-23T13:45:00+00:00,511.0299999999995,523.2499999999995,509.67999999999955,521.6599999999995,3028
2026-06-23T14:00:00+00:00,521.6599999999995,524.4599999999996,518.3499999999996,522.6599999999995,2721
2026-06-23T14:15:00+00:00,522.6599999999995,523.8299999999995,519.5199999999995,520.9899999999996,2279
2026-06-23T14:30:00+00:00,520.9899999999996,524.8299999999995,518.4899999999996,520.1999999999995,1916
2026-06-23T14:45:00+00:00,520.1999999999995,523.3499999999996,516.8599999999996,520.1199999999995,2002
2026-06-23T15:00:00+00:00,520.1199999999995,522.1799999999995,516.8599999999996,517.3599999999996,1726
2026-06-23T15:15:00+00:00,517.3599999999996,518.7299999999996,514.8999999999995,516.0099999999995,1845
2026-06-23T15:30:00+00:00,516.0099999999995,519.5099999999995,515.8599999999996,517.0599999999995,1692
2026-06-23T15:45:00+00:00,517.0599999999995,520.8599999999996,515.7499999999995,520.6199999999995,1463
2026-06-23T16:00:00+00:00,520.6199999999995,526.7299999999996,519.7899999999995,525.5499999999995,1356
2026-06-23T16:15:00+00:00,525.5499999999995,526.2799999999995,522.5299999999995,524.0799999999995,1242
2026-06-23T16:30:00+00:00,524.0799999999995,524.6499999999995,522.2999999999995,523.4399999999995,1032
2026-06-23T16:45:00+00:00,523.4399999999995,523.4599999999996,518.4699999999996,520.1499999999995,1249
2026-06-23T17:00:00+00:00,520.1499999999995,522.5699999999995,518.4699999999996,520.9999999999995,1070
2026-06-23T17:15:00+00:00,520.9999999999995,523.3899999999995,519.7899999999995,522.1499999999995,1070
2026-06-23T17:30:00+00:00,522.1499999999995,522.6899999999995,519.8499999999996,520.3499999999996,933
2026-06-23T17:45:00+00:00,520.3499999999996,520.6699999999995,517.1099999999996,517.1099999999996,970
2026-06-23T18:00:00+00:00,517.1099999999996,519.2499999999995,516.3599999999996,518.2499999999995,1124
2026-06-23T18:15:00+00:00,518.2499999999995,519.0799999999995,517.3499999999996,517.9899999999996,944
2026-06-23T18:30:00+00:00,517.9899999999996,518.6299999999995,514.4599999999996,514.5299999999995,969
2026-06-23T18:45:00+00:00,514.5299999999995,515.2299999999996,511.84999999999957,513.7699999999995,1618
2026-06-23T19:00:00+00:00,513.7699999999995,519.6099999999996,513.3599999999996,516.4499999999995,2120
2026-06-23T19:15:00+00:00,516.4499999999995,518.2899999999995,513.5999999999996,517.7599999999995,2123
2026-06-23T19:30:00+00:00,517.7599999999995,519.4999999999995,515.5199999999995,516.7199999999996,1873
2026-06-23T19:45:00+00:00,516.7199999999996,518.8599999999996,514.5199999999995,517.5799999999995,3174
2026-06-24T13:30:00+00:00,517.5799999999995,522.9599999999996,508.0899999999995,509.36999999999955,4440
2026-06-24T13:45:00+00:00,509.36999999999955,521.6399999999995,509.3499999999995,519.4599999999996,4792
2026-06-24T14:00:00+00:00,519.4599999999996,522.1999999999995,516.8599999999996,517.3799999999995,4109
2026-06-24T14:15:00+00:00,517.3799999999995,519.0799999999995,509.9599999999995,518.3499999999996,3816
2026-06-24T14:30:00+00:00,518.3499999999996,522.6799999999995,518.3499999999996,519.3799999999995,3312
2026-06-24T14:45:00+00:00,519.3799999999995,523.1099999999996,514.8999999999995,518.3099999999995,3022.5017999485726
2026-06-24T15:00:00+00:00,518.3099999999995,519.9699999999995,513.3899999999995,515.3099999999995,2924
2026-06-24T15:15:00+00:00,515.3099999999995,518.3299999999995,512.8999999999995,517.9199999999995,2772
2026-06-24T15:30:00+00:00,517.9199999999995,518.9199999999995,515.3899999999995,517.2499999999995,2405
2026-06-24T15:45:00+00:00,517.2499999999995,520.6699999999995,514.8699999999995,518.3799999999995,2517
2026-06-24T16:00:00+00:00,518.3799999999995,520.1399999999995,517.3699999999995,518.8099999999995,2137
2026-06-24T16:15:00+00:00,518.8099999999995,520.6099999999996,518.5699999999995,520.1399999999995,1733
2026-06-24T16:30:00+00:00,520.1399999999995,520.2699999999995,514.5299999999995,516.1699999999995,2414
2026-06-24T16:45:00+00:00,516.1699999999995,516.2499999999995,513.3799999999995,514.4099999999995,1927
2026-06-24T17:00:00+00:00,514.4099999999995,516.0399999999995,510.86999999999955,511.12999999999954,2421
2026-06-24T17:15:00+00:00,511.12999999999954,512.0199999999995,506.5299999999995,506.7199999999995,2942
2026-06-24T17:30:00+00:00,506.7199999999995,509.1499999999995,505.5899999999995,507.2999999999995,3360
2026-06-24T17:45:00+00:00,507.2999999999995,509.4899999999995,505.8699999999995,507.07999999999953,2744
2026-06-24T18:00:00+00:00,507.07999999999953,510.2199999999995,507.07999999999953,508.8499999999995,2548
2026-06-24T18:15:00+00:00,508.8499999999995,514.0999999999995,508.7699999999995,513.4899999999996,2835
2026-06-24T18:30:00+00:00,513.4899999999996,513.8899999999995,508.5299999999995,509.88999999999953,2661
2026-06-24T18:45:00+00:00,509.88999999999953,509.88999999999953,503.75999999999954,504.5199999999995,2984
2026-06-24T19:00:00+00:00,504.5199999999995,508.2699999999995,501.8599999999995,503.38999999999953,3619
2026-06-24T19:15:00+00:00,503.38999999999953,510.0199999999995,502.3699999999995,509.3699999999995,3143
2026-06-24T19:30:00+00:00,509.3699999999995,512.2399999999996,508.3699999999995,509.5899999999995,3601
2026-06-24T19:45:00+00:00,509.5899999999995,518.4499999999995,508.9899999999995,517.3799999999995,3568
2026-06-25T13:30:00+00:00,517.3799999999995,548.9099999999995,517.3799999999995,529.5599999999995,5577
2026-06-25T13:45:00+00:00,529.5599999999995,531.3699999999995,505.2499999999995,505.9099999999995,6800
2026-06-25T14:00:00+00:00,505.9099999999995,521.5399999999995,505.9099999999995,514.0899999999995,6233
2026-06-25T14:15:00+00:00,514.0899999999995,520.4299999999995,510.98999999999955,515.3699999999995,5121
2026-06-25T14:30:00+00:00,515.3699999999995,520.3699999999995,514.0699999999995,515.3099999999995,4233
2026-06-25T14:45:00+00:00,515.3099999999995,521.8199999999995,514.1299999999995,516.9499999999995,1257
2026-06-25T15:00:00+00:00,516.9499999999995,521.8799999999995,513.8699999999995,514.0399999999995,1108
2026-06-25T15:15:00+00:00,514.0399999999995,518.8799999999995,512.4399999999995,515.4199999999995,1066
2026-06-25T15:30:00+00:00,515.4199999999995,518.0299999999995,515.4199999999995,518.0299999999995,833
2026-06-25T15:45:00+00:00,518.0299999999995,520.0899999999995,516.7899999999995,517.2499999999995,867
2026-06-25T16:00:00+00:00,517.2499999999995,528.1699999999995,516.9299999999995,527.4799999999996,1283
2026-06-25T16:15:00+00:00,527.4799999999996,529.6899999999995,525.8899999999995,526.7599999999995,999
2026-06-25T16:30:00+00:00,526.7599999999995,526.7599999999995,519.9499999999995,520.3699999999995,888
2026-06-25T16:45:00+00:00,520.3699999999995,523.7499999999995,517.9699999999995,521.8799999999995,979
2026-06-25T17:00:00+00:00,521.8799999999995,525.0499999999995,521.3799999999995,524.2799999999995,781
2026-06-25T17:15:00+00:00,524.2799999999995,526.8399999999995,521.6699999999995,525.9699999999995,863
2026-06-25T17:30:00+00:00,525.9699999999995,528.0999999999995,524.6499999999995,525.9699999999995,738
2026-06-25T17:45:00+00:00,525.9699999999995,527.9799999999996,523.6199999999995,527.6099999999996,733
2026-06-25T18:00:00+00:00,527.6099999999996,527.9899999999996,523.6399999999995,526.2499999999995,873
2026-06-25T18:15:00+00:00,526.2499999999995,527.8399999999995,524.3799999999995,524.9199999999995,847
2026-06-25T18:30:00+00:00,524.9199999999995,524.9399999999995,520.2899999999995,524.1799999999995,965
2026-06-25T18:45:00+00:00,524.1799999999995,524.4199999999995,521.4499999999995,523.4299999999995,749
2026-06-25T19:00:00+00:00,523.4299999999995,523.7099999999995,519.3799999999995,521.1799999999995,849
2026-06-25T19:15:00+00:00,521.1799999999995,523.3299999999995,519.9999999999995,522.5399999999995,902
2026-06-25T19:30:00+00:00,522.5399999999995,526.2599999999995,520.8599999999996,524.7799999999995,1069
2026-06-25T19:45:00+00:00,524.7799999999995,531.0899999999995,521.3799999999995,530.2299999999996,1865
2026-06-26T13:30:00+00:00,530.2299999999996,530.2299999999996,500.9399999999995,511.71999999999946,2323
2026-06-26T13:45:00+00:00,511.71999999999946,515.8299999999995,506.8999999999995,514.5399999999995,1901
2026-06-26T14:00:00+00:00,514.5399999999995,520.7799999999995,514.5299999999995,520.4799999999996,1734
2026-06-26T14:15:00+00:00,520.4799999999996,523.3599999999996,517.3799999999995,520.8399999999995,1494
2026-06-26T14:30:00+00:00,520.8399999999995,521.7699999999995,514.6799999999995,515.3399999999995,1350
2026-06-26T14:45:00+00:00,515.3399999999995,518.3799999999995,514.1299999999995,514.6399999999994,1323.6386369881836
2026-06-26T15:00:00+00:00,514.6399999999994,516.5899999999995,511.1899999999994,511.5299999999994,1191
2026-06-26T15:15:00+00:00,511.5299999999994,515.6099999999994,509.3399999999994,513.9399999999994,1419
2026-06-26T15:30:00+00:00,513.9399999999994,519.4399999999994,512.4599999999995,518.7299999999994,1115
2026-06-26T15:45:00+00:00,518.7299999999994,519.7099999999995,512.4599999999995,518.0799999999995,1246
2026-06-26T16:00:00+00:00,518.0799999999995,518.9499999999995,515.4899999999994,516.9299999999994,1036
2026-06-26T16:15:00+00:00,516.9299999999994,519.4399999999994,514.4599999999995,517.3799999999994,992
2026-06-26T16:30:00+00:00,517.3799999999994,520.1999999999995,516.9299999999994,518.7599999999994,829
2026-06-26T16:45:00+00:00,518.7599999999994,520.5499999999994,517.2499999999994,517.6299999999994,799
2026-06-26T17:00:00+00:00,517.6299999999994,521.5199999999994,517.4599999999995,519.9099999999994,950
2026-06-26T17:15:00+00:00,519.9099999999994,520.4799999999994,516.8199999999995,519.5699999999995,1052
2026-06-26T17:30:00+00:00,519.5699999999995,523.0399999999994,519.4699999999995,520.5599999999994,966
2026-06-26T17:45:00+00:00,520.5599999999994,520.8799999999994,517.4599999999995,517.5699999999995,850
2026-06-26T18:00:00+00:00,517.5699999999995,518.9999999999994,516.8799999999994,517.4599999999995,774
2026-06-26T18:15:00+00:00,517.4599999999995,517.8299999999995,515.3399999999995,515.7399999999994,885
2026-06-26T18:30:00+00:00,515.7399999999994,517.9399999999994,514.9699999999995,517.4199999999994,949
2026-06-26T18:45:00+00:00,517.4199999999994,517.4499999999995,514.2899999999994,516.1099999999994,998
2026-06-26T19:00:00+00:00,516.1099999999994,519.8299999999995,514.2799999999994,519.8299999999995,1330
2026-06-26T19:15:00+00:00,519.8299999999995,519.8299999999995,515.6099999999994,517.5399999999994,1143
2026-06-26T19:30:00+00:00,517.5399999999994,519.4599999999995,515.4899999999994,519.0199999999994,1183
2026-06-26T19:45:00+00:00,519.0199999999994,522.9499999999995,511.6599999999994,519.0999999999995,2367
2026-06-29T13:30:00+00:00,519.0999999999995,533.3699999999994,515.4599999999995,529.1399999999994,3821
2026-06-29T13:45:00+00:00,529.1399999999994,529.5599999999994,510.3199999999994,511.1999999999995,3548
2026-06-29T14:00:00+00:00,511.1999999999995,513.5799999999995,497.9599999999994,498.54999999999944,4363
2026-06-29T14:15:00+00:00,498.54999999999944,505.30999999999943,493.80999999999943,504.9499999999994,4364
2026-06-29T14:30:00+00:00,504.9499999999994,509.4699999999994,503.1599999999994,504.4599999999994,3157
2026-06-29T14:45:00+00:00,504.4599999999994,512.8399999999995,502.0299999999994,512.6999999999995,2793
2026-06-29T15:00:00+00:00,512.6999999999995,518.1599999999994,510.9499999999995,518.0999999999995,2738
2026-06-29T15:15:00+00:00,518.0999999999995,521.4099999999994,515.5299999999994,520.5899999999995,2504
2026-06-29T15:30:00+00:00,520.5899999999995,523.7199999999995,517.7099999999995,523.0099999999994,1862
2026-06-29T15:45:00+00:00,523.0099999999994,523.2299999999994,519.9599999999995,522.3099999999994,1522
2026-06-29T16:00:00+00:00,522.3099999999994,526.6499999999994,521.9599999999995,524.9099999999994,1666
2026-06-29T16:15:00+00:00,524.9099999999994,528.4699999999995,524.9099999999994,526.9699999999995,1640
2026-06-29T16:30:00+00:00,526.9699999999995,531.0699999999995,526.2799999999994,530.9999999999994,1447
2026-06-29T16:45:00+00:00,530.9999999999994,531.0799999999995,528.2399999999994,530.0199999999994,1019
2026-06-29T17:00:00+00:00,530.0199999999994,533.2299999999994,530.0199999999994,532.8199999999995,1111
2026-06-29T17:15:00+00:00,532.8199999999995,540.3499999999995,532.6399999999994,539.5499999999994,1703
2026-06-29T17:30:00+00:00,539.5499999999994,540.3699999999994,534.4799999999994,535.6799999999994,1317
2026-06-29T17:45:00+00:00,535.6799999999994,538.9499999999995,535.0399999999994,538.0699999999995,1099
2026-06-29T18:00:00+00:00,538.0699999999995,539.8699999999994,537.4699999999995,537.6299999999994,1106
2026-06-29T18:15:00+00:00,537.6299999999994,539.0299999999994,535.3599999999994,535.4799999999994,943
2026-06-29T18:30:00+00:00,535.4799999999994,539.3299999999995,535.4599999999995,538.4099999999994,989
2026-06-29T18:45:00+00:00,538.4099999999994,539.1599999999994,535.7999999999994,535.9299999999994,1219
2026-06-29T19:00:00+00:00,535.9299999999994,536.5799999999995,533.5399999999994,533.9899999999994,1345
2026-06-29T19:15:00+00:00,533.9899999999994,536.5599999999994,533.5999999999995,535.2599999999994,1046
2026-06-29T19:30:00+00:00,535.2599999999994,536.7899999999994,534.2099999999995,535.2899999999994,1350
2026-06-29T19:45:00+00:00,535.2899999999994,538.5799999999995,534.4099999999994,538.1099999999994,2350
2026-06-30T13:30:00+00:00,538.1099999999994,562.9599999999995,538.1099999999994,550.1499999999994,3634
2026-06-30T13:45:00+00:00,550.1499999999994,555.3699999999994,544.3599999999994,554.9199999999994,2787
2026-06-30T14:00:00+00:00,554.9199999999994,556.7199999999995,550.6699999999994,553.5699999999995,2483
2026-06-30T14:15:00+00:00,553.5699999999995,557.9799999999994,553.2599999999994,555.2599999999994,1779
2026-06-30T14:30:00+00:00,555.2599999999994,558.5399999999994,553.8399999999995,558.0699999999995,1622
2026-06-30T14:45:00+00:00,558.0699999999995,558.0699999999995,553.5099999999994,555.3799999999994,1604
2026-06-30T15:00:00+00:00,555.3799999999994,564.2999999999994,555.0099999999994,563.6499999999994,1704
2026-06-30T15:15:00+00:00,563.6499999999994,564.5499999999994,561.9599999999995,563.3899999999994,1462
2026-06-30T15:30:00+00:00,563.3899999999994,570.8699999999994,562.7099999999995,569.8899999999994,1449
2026-06-30T15:45:00+00:00,569.8899999999994,577.1599999999994,569.8399999999995,575.7799999999994,1641
2026-06-30T16:00:00+00:00,575.7799999999994,577.9999999999994,573.4699999999995,575.5499999999994,1256
2026-06-30T16:15:00+00:00,575.5499999999994,577.9299999999994,574.9899999999994,575.6399999999994,1046
2026-06-30T16:30:00+00:00,575.6399999999994,577.2999999999994,574.4799999999994,576.7299999999994,883
2026-06-30T16:45:00+00:00,576.7299999999994,579.7099999999995,576.6399999999994,578.0199999999994,910
2026-06-30T17:00:00+00:00,578.0199999999994,580.9899999999994,577.7099999999995,578.3399999999995,985
2026-06-30T17:15:00+00:00,578.3399999999995,578.6299999999994,576.6499999999994,578.1099999999994,796
2026-06-30T17:30:00+00:00,578.1099999999994,580.0699999999995,576.5199999999994,578.0399999999994,897
2026-06-30T17:45:00+00:00,578.0399999999994,579.2199999999995,576.2699999999994,578.1799999999994,735
2026-06-30T18:00:00+00:00,578.1799999999994,580.4899999999994,576.4899999999994,578.1699999999994,853
2026-06-30T18:15:00+00:00,578.1699999999994,580.3399999999995,577.1099999999994,580.1899999999994,677
2026-06-30T18:30:00+00:00,580.1899999999994,582.2399999999994,579.3999999999994,581.1699999999994,952
2026-06-30T18:45:00+00:00,581.1699999999994,581.6299999999994,579.8699999999994,579.8699999999994,913
2026-06-30T19:00:00+00:00,579.8699999999994,582.4399999999994,579.2699999999994,581.4099999999994,1061
2026-06-30T19:15:00+00:00,581.4099999999994,582.9599999999995,581.0299999999994,581.3199999999995,992
2026-06-30T19:30:00+00:00,581.3199999999995,581.6699999999994,579.0499999999994,580.6899999999994,1201
2026-06-30T19:45:00+00:00,580.6899999999994,582.6999999999995,578.4799999999994,579.6899999999994,2338
2026-07-01T13:30:00+00:00,579.6899999999994,579.6899999999994,547.4099999999994,551.4899999999994,4349
2026-07-01T13:45:00+00:00,551.4899999999994,562.3399999999995,549.8999999999994,557.6999999999995,3491
2026-07-01T14:00:00+00:00,557.6999999999995,559.6099999999994,553.5999999999995,553.9399999999994,2539
2026-07-01T14:15:00+00:00,553.9399999999994,556.9399999999994,551.1999999999995,555.2299999999994,2112
2026-07-01T14:30:00+00:00,555.2299999999994,555.6499999999994,547.9099999999994,547.9799999999994,2407
2026-07-01T14:45:00+00:00,547.9799999999994,552.5999999999995,545.4599999999995,548.0499999999995,2632.1423357664235
2026-07-01T15:00:00+00:00,548.0499999999995,554.0499999999995,547.5099999999994,550.7399999999994,2141
2026-07-01T15:15:00+00:00,550.7399999999994,555.1099999999994,549.5299999999995,552.0299999999995,1960
2026-07-01T15:30:00+00:00,552.0299999999995,554.3499999999995,551.0899999999995,552.1899999999995,1739
2026-07-01T15:45:00+00:00,552.1899999999995,552.1899999999995,546.1399999999994,548.2699999999994,1725
2026-07-01T16:00:00+00:00,548.2699999999994,550.1699999999995,547.1199999999994,547.8699999999994,1485
2026-07-01T16:15:00+00:00,547.8699999999994,550.4499999999995,547.3999999999995,549.0699999999995,1444
2026-07-01T16:30:00+00:00,549.0699999999995,551.6599999999995,548.3099999999995,548.6099999999994,1245
2026-07-01T16:45:00+00:00,548.6099999999994,550.9799999999994,548.0899999999995,550.2799999999995,1398
2026-07-01T17:00:00+00:00,550.2799999999995,551.4199999999995,547.0399999999995,548.8399999999995,1512
2026-07-01T17:15:00+00:00,548.8399999999995,553.0199999999994,548.8399999999995,551.6099999999994,1222
2026-07-01T17:30:00+00:00,551.6099999999994,552.1299999999994,549.5499999999995,550.0399999999995,1074
2026-07-01T17:45:00+00:00,550.0399999999995,550.1499999999995,546.8099999999995,547.1099999999994,1465
2026-07-01T18:00:00+00:00,547.1099999999994,548.7299999999994,546.6399999999994,546.7099999999995,1216
2026-07-01T18:15:00+00:00,546.7099999999995,547.2799999999995,545.4299999999995,545.8999999999995,1373
2026-07-01T18:30:00+00:00,545.8999999999995,546.8899999999994,543.7499999999994,544.1599999999995,1239
2026-07-01T18:45:00+00:00,544.1599999999995,544.1599999999995,541.0599999999995,543.2899999999995,1486
2026-07-01T19:00:00+00:00,543.2899999999995,549.3999999999995,542.5299999999995,547.6699999999995,1731
2026-07-01T19:15:00+00:00,547.6699999999995,549.3099999999995,546.0399999999995,548.0799999999995,1572
2026-07-01T19:30:00+00:00,548.0799999999995,550.8699999999994,542.0999999999995,542.8799999999994,2295
2026-07-01T19:45:00+00:00,542.8799999999994,543.2799999999995,536.7099999999995,539.4699999999995,2727
2026-07-02T13:30:00+00:00,539.4699999999995,539.4699999999995,523.9799999999994,530.8899999999994,3502
2026-07-02T13:45:00+00:00,530.8899999999994,542.6799999999995,530.5499999999995,541.8499999999995,2874
2026-07-02T14:00:00+00:00,541.8499999999995,545.4499999999995,536.8899999999994,539.0699999999995,2340
2026-07-02T14:15:00+00:00,539.0699999999995,540.2499999999994,525.3799999999994,525.9399999999995,2646
2026-07-02T14:30:00+00:00,525.9399999999995,527.4899999999994,514.0499999999995,516.0599999999995,3376
2026-07-02T14:45:00+00:00,516.0599999999995,519.0799999999995,513.5399999999995,519.0099999999995,3129.8849281648145
2026-07-02T15:00:00+00:00,519.0099999999995,519.2299999999996,514.4799999999996,516.2299999999996,2678
2026-07-02T15:15:00+00:00,516.2299999999996,519.1399999999995,512.2699999999995,515.8599999999996,2794
2026-07-02T15:30:00+00:00,515.8599999999996,524.4399999999995,515.8599999999996,519.7499999999995,2377
2026-07-02T15:45:00+00:00,519.7499999999995,521.6799999999995,516.0999999999996,517.3599999999996,2309
2026-07-02T16:00:00+00:00,517.3599999999996,520.1799999999995,513.7399999999996,518.7399999999996,1907
2026-07-02T16:15:00+00:00,518.7399999999996,518.9599999999995,512.8699999999995,512.8799999999995,2006
2026-07-02T16:30:00+00:00,512.8799999999995,513.9999999999995,509.43999999999954,513.5699999999995,2290
2026-07-02T16:45:00+00:00,513.5699999999995,514.1799999999995,508.7299999999995,509.7399999999995,1640
2026-07-02T17:00:00+00:00,509.7399999999995,512.4699999999996,507.9799999999995,510.2399999999995,1893
2026-07-02T17:15:00+00:00,510.2399999999995,512.4399999999995,509.49999999999955,510.8199999999995,1864
2026-07-02T17:30:00+00:00,510.8199999999995,512.0699999999995,508.4799999999995,510.00999999999954,1999
2026-07-02T17:45:00+00:00,510.00999999999954,510.5199999999995,506.1099999999995,506.56999999999954,2066
2026-07-02T18:00:00+00:00,506.56999999999954,513.3899999999995,506.3399999999995,510.0999999999995,1993
2026-07-02T18:15:00+00:00,510.0999999999995,513.2699999999995,509.0399999999995,512.8399999999996,1630
2026-07-02T18:30:00+00:00,512.8399999999996,515.4399999999995,511.22999999999956,511.9299999999995,1658
2026-07-02T18:45:00+00:00,511.9299999999995,514.1999999999995,509.2399999999995,512.7999999999995,1791
2026-07-02T19:00:00+00:00,512.7999999999995,513.1299999999995,505.9099999999995,507.56999999999954,2026
2026-07-02T19:15:00+00:00,507.56999999999954,509.2799999999995,504.1799999999995,507.93999999999954,2279
2026-07-02T19:30:00+00:00,507.93999999999954,510.9399999999995,507.2699999999995,509.2799999999995,2376
2026-07-02T19:45:00+00:00,509.2799999999995,516.4099999999995,508.37999999999954,515.0299999999995,2449
2026-07-06T13:30:00+00:00,515.0299999999995,551.6499999999995,515.0299999999995,550.9899999999996,2637
2026-07-06T13:45:00+00:00,550.9899999999996,560.5099999999995,549.5999999999996,558.1499999999995,2349
2026-07-06T14:00:00+00:00,558.1499999999995,569.0399999999995,557.3099999999995,566.4799999999996,2199
2026-07-06T14:15:00+00:00,566.4799999999996,569.9099999999995,563.4099999999995,564.2599999999995,1639
2026-07-06T14:30:00+00:00,564.2599999999995,567.6999999999995,563.4199999999995,566.8499999999996,1389
2026-07-06T14:45:00+00:00,566.8499999999996,570.2699999999995,563.6299999999995,564.8299999999995,1459
2026-07-06T15:00:00+00:00,564.8299999999995,568.3599999999996,561.0799999999995,561.2999999999995,1418
2026-07-06T15:15:00+00:00,561.2999999999995,567.8399999999996,557.7099999999995,567.6499999999995,1395
2026-07-06T15:30:00+00:00,567.6499999999995,569.6199999999995,564.3899999999995,565.1499999999995,1076
2026-07-06T15:45:00+00:00,565.1499999999995,566.3999999999995,563.5599999999995,564.1099999999996,748
2026-07-06T16:00:00+00:00,564.1099999999996,564.2499999999995,560.2399999999996,562.0799999999995,880
2026-07-06T16:15:00+00:00,562.0799999999995,562.5899999999996,559.9999999999995,560.8399999999996,636
2026-07-06T16:30:00+00:00,560.8399999999996,561.2799999999995,556.4099999999995,556.4899999999996,862
2026-07-06T16:45:00+00:00,556.4899999999996,557.9099999999995,555.6599999999995,556.2599999999995,703
2026-07-06T17:00:00+00:00,556.2599999999995,557.4999999999995,554.6299999999995,555.7299999999996,707
2026-07-06T17:15:00+00:00,555.7299999999996,556.1299999999995,551.5499999999995,554.5799999999995,889
2026-07-06T17:30:00+00:00,554.5799999999995,555.9099999999995,550.2299999999996,551.8099999999995,780
2026-07-06T17:45:00+00:00,551.8099999999995,553.1799999999995,550.0299999999995,550.5699999999995,649
2026-07-06T18:00:00+00:00,550.5699999999995,554.8599999999996,550.5099999999995,552.8399999999996,696
2026-07-06T18:15:00+00:00,552.8399999999996,555.5499999999995,552.0499999999995,552.4199999999995,748
2026-07-06T18:30:00+00:00,552.4199999999995,552.5199999999995,549.7399999999996,552.5199999999995,646
2026-07-06T18:45:00+00:00,552.5199999999995,553.9799999999996,550.7399999999996,551.7199999999996,523
2026-07-06T19:00:00+00:00,551.7199999999996,554.1199999999995,550.7599999999995,552.9999999999995,833
2026-07-06T19:15:00+00:00,552.9999999999995,555.5999999999996,552.5299999999995,554.3099999999995,911
2026-07-06T19:30:00+00:00,554.3099999999995,556.8299999999995,551.4499999999995,555.5499999999995,1110
2026-07-06T19:45:00+00:00,555.5499999999995,556.5799999999995,549.4699999999996,550.7799999999995,1687
2026-07-07T13:30:00+00:00,550.7799999999995,550.7799999999995,508.0199999999995,516.4599999999995,3177
2026-07-07T13:45:00+00:00,516.4599999999995,517.6399999999995,508.7999999999995,511.5399999999995,2077
2026-07-07T14:00:00+00:00,511.5399999999995,514.4199999999995,506.61999999999955,506.6799999999995,1802
2026-07-07T14:15:00+00:00,506.6799999999995,509.93999999999954,504.00999999999954,508.2399999999995,2040
2026-07-07T14:30:00+00:00,508.2399999999995,511.3099999999995,501.36999999999955,501.88999999999953,1911
2026-07-07T14:45:00+00:00,501.88999999999953,508.6799999999995,501.2899999999995,506.4699999999995,1734
2026-07-07T15:00:00+00:00,506.4699999999995,509.24999999999955,503.2399999999995,507.3599999999995,1331
2026-07-07T15:15:00+00:00,507.3599999999995,509.24999999999955,503.62999999999954,509.1499999999995,1272
2026-07-07T15:30:00+00:00,509.1499999999995,511.25999999999954,507.06999999999954,510.32999999999953,1053
2026-07-07T15:45:00+00:00,510.32999999999953,513.9899999999996,509.25999999999954,513.5399999999995,1076
2026-07-07T16:00:00+00:00,513.5399999999995,519.5099999999995,512.7999999999995,519.2299999999996,1449
2026-07-07T16:15:00+00:00,519.2299999999996,523.0699999999995,516.9399999999995,521.9499999999995,1245
2026-07-07T16:30:00+00:00,521.9499999999995,522.3899999999995,517.2399999999996,519.5299999999995,1117
2026-07-07T16:45:00+00:00,519.5299999999995,521.8899999999995,518.2299999999996,519.8299999999995,817
2026-07-07T17:00:00+00:00,519.8299999999995,521.2399999999996,517.4199999999995,518.3499999999996,712
2026-07-07T17:15:00+00:00,518.3499999999996,521.2699999999995,517.9899999999996,519.2299999999996,724
2026-07-07T17:30:00+00:00,519.2299999999996,520.8599999999996,518.8499999999996,520.2899999999995,592
2026-07-07T17:45:00+00:00,520.2899999999995,520.6999999999995,518.4399999999995,520.3199999999995,588
2026-07-07T18:00:00+00:00,520.3199999999995,520.8999999999995,518.4499999999995,520.0999999999996,575
2026-07-07T18:15:00+00:00,520.0999999999996,521.5599999999995,518.7399999999996,519.5299999999995,696
2026-07-07T18:30:00+00:00,519.5299999999995,520.9499999999995,515.4199999999995,516.9999999999995,775
2026-07-07T18:45:00+00:00,516.9999999999995,518.8999999999995,514.7399999999996,514.8199999999995,963
2026-07-07T19:00:00+00:00,514.8199999999995,516.6999999999995,510.25999999999954,510.5799999999995,1286
2026-07-07T19:15:00+00:00,510.5799999999995,510.59999999999957,506.2999999999995,508.3499999999995,1453
2026-07-07T19:30:00+00:00,508.3499999999995,511.62999999999954,506.7699999999995,508.2399999999995,1365
2026-07-07T19:45:00+00:00,508.2399999999995,514.9999999999995,507.74999999999955,514.9799999999996,1871
2026-07-08T13:30:00+00:00,514.9799999999996,516.7699999999995,501.38999999999953,514.2699999999995,3915
2026-07-08T13:45:00+00:00,514.2699999999995,520.9799999999996,512.4899999999996,517.7499999999995,3777
2026-07-08T14:00:00+00:00,517.7499999999995,519.0899999999996,509.7399999999995,511.3999999999995,3837
2026-07-08T14:15:00+00:00,511.3999999999995,515.7899999999995,509.7899999999995,513.2899999999995,4027
2026-07-08T14:30:00+00:00,513.2899999999995,514.5799999999995,506.88999999999953,509.6099999999995,3246
2026-07-08T14:45:00+00:00,509.6099999999995,513.0899999999996,504.7299999999995,508.3599999999995,3402.330140922151
2026-07-08T15:00:00+00:00,508.3599999999995,509.2999999999995,503.4699999999995,503.50999999999954,2526
2026-07-08T15:15:00+00:00,503.50999999999954,504.4599999999995,496.3599999999995,499.43999999999954,2969
2026-07-08T15:30:00+00:00,499.43999999999954,504.68999999999954,499.3099999999995,502.87999999999954,2620
2026-07-08T15:45:00+00:00,502.87999999999954,503.37999999999954,498.8099999999995,500.8399999999995,2386
2026-07-08T16:00:00+00:00,500.8399999999995,506.5899999999995,500.57999999999953,506.2999999999995,2186
2026-07-08T16:15:00+00:00,506.2999999999995,509.8399999999995,505.4099999999995,508.4099999999995,1529
2026-07-08T16:30:00+00:00,508.4099999999995,509.9199999999995,506.5999999999995,508.6699999999995,2269
2026-07-08T16:45:00+00:00,508.6699999999995,511.3599999999995,507.94999999999953,510.53999999999957,1624
2026-07-08T17:00:00+00:00,510.53999999999957,511.0899999999995,507.88999999999953,508.0299999999995,1360
2026-07-08T17:15:00+00:00,508.0299999999995,513.2499999999995,507.8599999999995,512.6399999999995,963
2026-07-08T17:30:00+00:00,512.6399999999995,513.4799999999996,509.9599999999996,509.9699999999996,1037
2026-07-08T17:45:00+00:00,509.9699999999996,510.85999999999956,508.5699999999996,509.91999999999956,1387
2026-07-08T18:00:00+00:00,509.91999999999956,512.7399999999996,508.79999999999956,512.0699999999996,1319
2026-07-08T18:15:00+00:00,512.0699999999996,512.5599999999996,510.3999999999996,510.48999999999955,1249
2026-07-08T18:30:00+00:00,510.48999999999955,512.3099999999996,508.79999999999956,512.0599999999996,1630
2026-07-08T18:45:00+00:00,512.0599999999996,514.3799999999995,510.73999999999955,512.8499999999996,1202
2026-07-08T19:00:00+00:00,512.8499999999996,514.3299999999996,511.4399999999996,513.3099999999996,1095
2026-07-08T19:15:00+00:00,513.3099999999996,515.1099999999996,511.9599999999996,514.6499999999995,846
2026-07-08T19:30:00+00:00,514.6499999999995,514.9799999999996,511.35999999999956,512.5599999999996,1649
2026-07-08T19:45:00+00:00,512.5599999999996,517.2799999999995,512.3199999999996,515.5299999999995,1841
2026-07-09T13:30:00+00:00,515.5299999999995,548.3199999999996,515.5299999999995,547.6699999999996,5569
2026-07-09T13:45:00+00:00,547.6699999999996,556.0999999999996,543.3799999999995,554.3499999999996,3888
2026-07-09T14:00:00+00:00,554.3499999999996,556.7699999999995,551.0799999999996,553.1599999999996,3739
2026-07-09T14:15:00+00:00,553.1599999999996,553.3099999999996,544.3299999999996,553.0299999999995,4809
2026-07-09T14:30:00+00:00,553.0299999999995,557.0799999999996,551.4699999999996,554.4899999999996,3593
2026-07-09T14:45:00+00:00,554.4899999999996,557.7599999999995,550.8599999999996,551.7299999999996,2607
2026-07-09T15:00:00+00:00,551.7299999999996,554.6799999999996,550.1999999999996,554.0399999999996,1857
2026-07-09T15:15:00+00:00,554.0399999999996,555.2299999999996,551.9799999999996,552.3899999999995,1752
2026-07-09T15:30:00+00:00,552.3899999999995,552.5699999999996,550.4899999999996,550.6299999999995,1176
2026-07-09T15:45:00+00:00,550.6299999999995,554.7999999999996,550.6099999999996,553.9899999999996,1306
2026-07-09T16:00:00+00:00,553.9899999999996,557.3299999999996,552.6999999999996,552.8599999999996,1281
2026-07-09T16:15:00+00:00,552.8599999999996,553.4899999999996,549.3099999999996,549.7499999999995,1040
2026-07-09T16:30:00+00:00,549.7499999999995,551.4699999999996,546.8499999999996,550.4999999999995,1323
2026-07-09T16:45:00+00:00,550.4999999999995,550.7499999999995,549.0499999999996,549.3599999999996,723
2026-07-09T17:00:00+00:00,549.3599999999996,550.9999999999995,549.2299999999996,550.0099999999995,952
2026-07-09T17:15:00+00:00,550.0099999999995,550.4699999999996,547.0399999999996,547.7899999999996,1017
2026-07-09T17:30:00+00:00,547.7899999999996,548.5099999999995,544.7799999999995,546.2999999999996,1346
2026-07-09T17:45:00+00:00,546.2999999999996,547.9999999999995,545.0499999999996,546.5499999999996,1113
2026-07-09T18:00:00+00:00,546.5499999999996,547.3499999999996,543.7899999999996,544.7399999999996,930
2026-07-09T18:15:00+00:00,544.7399999999996,545.1699999999996,543.0699999999996,543.9299999999996,978
2026-07-09T18:30:00+00:00,543.9299999999996,544.9699999999996,542.7599999999995,544.8199999999996,1114
2026-07-09T18:45:00+00:00,544.8199999999996,546.4799999999996,544.5199999999995,546.3099999999996,1097
2026-07-09T19:00:00+00:00,546.3099999999996,546.3699999999995,541.9799999999996,542.6799999999996,1592
2026-07-09T19:15:00+00:00,542.6799999999996,544.1399999999995,541.6999999999996,542.0299999999995,1195
2026-07-09T19:30:00+00:00,542.0299999999995,544.0299999999995,539.5499999999996,543.9999999999995,1817
2026-07-09T19:45:00+00:00,543.9999999999995,546.2599999999995,541.2199999999996,545.0299999999995,2312
2026-07-10T13:30:00+00:00,545.0299999999995,553.9999999999995,538.5899999999996,544.8899999999995,4812
2026-07-10T13:45:00+00:00,544.8899999999995,553.4599999999996,544.8099999999996,547.9699999999996,3391
2026-07-10T14:00:00+00:00,547.9699999999996,551.3599999999996,547.9599999999996,549.2199999999996,3243
2026-07-10T14:15:00+00:00,549.2199999999996,549.9699999999996,543.8499999999996,545.9099999999996,2970
2026-07-10T14:30:00+00:00,545.9099999999996,549.2099999999996,538.4399999999996,546.8099999999996,3337
2026-07-10T14:45:00+00:00,546.8099999999996,548.3799999999995,542.8699999999995,543.2499999999995,2112.3063012150324
2026-07-10T15:00:00+00:00,543.2499999999995,546.0999999999996,541.9299999999996,544.9399999999996,1955
2026-07-10T15:15:00+00:00,544.9399999999996,551.1499999999995,544.9399999999996,550.4499999999996,1468
2026-07-10T15:30:00+00:00,550.4499999999996,551.5199999999995,544.4299999999996,546.7399999999996,2212
2026-07-10T15:45:00+00:00,546.7399999999996,549.3299999999996,545.8399999999996,548.7399999999996,1529
2026-07-10T16:00:00+00:00,548.7399999999996,551.0299999999995,548.6299999999995,549.7599999999995,1291
2026-07-10T16:15:00+00:00,549.7599999999995,554.5899999999996,549.7299999999996,553.1799999999996,1495
2026-07-10T16:30:00+00:00,553.1799999999996,553.9499999999996,551.8399999999996,552.2099999999996,978
2026-07-10T16:45:00+00:00,552.2099999999996,553.4299999999996,550.9099999999995,551.4599999999996,838
2026-07-10T17:00:00+00:00,551.4599999999996,552.2699999999995,549.8199999999996,552.2699999999995,827
2026-07-10T17:15:00+00:00,552.2699999999995,557.4799999999996,551.7399999999996,557.4299999999996,899
2026-07-10T17:30:00+00:00,557.4299999999996,558.5099999999995,556.5099999999995,558.0999999999996,995
2026-07-10T17:45:00+00:00,558.0999999999996,558.4499999999996,555.2799999999995,555.7499999999995,862
2026-07-10T18:00:00+00:00,555.7499999999995,556.4799999999996,554.5299999999995,554.6999999999996,778
2026-07-10T18:15:00+00:00,554.6999999999996,554.8199999999996,553.1599999999995,553.6099999999996,760
2026-07-10T18:30:00+00:00,553.6099999999996,554.9799999999996,553.0299999999995,553.1899999999996,820
2026-07-10T18:45:00+00:00,553.1899999999996,554.2999999999996,552.8199999999996,552.9899999999996,591
2026-07-10T19:00:00+00:00,552.9899999999996,554.7299999999996,551.4799999999996,551.5199999999995,742
2026-07-10T19:15:00+00:00,551.5199999999995,551.9499999999996,550.4499999999996,551.8699999999995,733
2026-07-10T19:30:00+00:00,551.8699999999995,553.2699999999995,551.5199999999995,552.9599999999996,863
2026-07-10T19:45:00+00:00,552.9599999999996,557.5399999999996,552.5599999999996,556.3299999999996,1332
2026-07-13T13:30:00+00:00,556.3299999999996,556.3299999999996,525.2099999999996,527.6799999999996,4399
2026-07-13T13:45:00+00:00,527.6799999999996,533.6299999999995,525.3699999999995,531.6499999999995,5688
2026-07-13T14:00:00+00:00,531.6499999999995,538.6599999999995,529.4299999999996,538.3399999999996,4844
2026-07-13T14:15:00+00:00,538.3399999999996,543.9499999999996,534.4299999999996,543.8199999999996,4735
2026-07-13T14:30:00+00:00,543.8199999999996,546.7599999999995,541.3699999999995,542.2999999999996,3758
2026-07-13T14:45:00+00:00,542.2999999999996,544.5599999999996,539.9599999999996,544.1099999999996,3267
2026-07-13T15:00:00+00:00,544.1099999999996,547.7299999999996,544.1099999999996,545.6699999999996,2836
2026-07-13T15:15:00+00:00,545.6699999999996,548.8999999999995,544.4399999999996,547.6299999999995,2992
2026-07-13T15:30:00+00:00,547.6299999999995,550.0899999999996,544.5299999999995,544.5699999999996,2541
2026-07-13T15:45:00+00:00,544.5699999999996,544.7699999999995,539.5299999999995,540.4399999999996,2702
2026-07-13T16:00:00+00:00,540.4399999999996,542.7399999999996,539.6799999999996,540.6199999999995,2218
2026-07-13T16:15:00+00:00,540.6199999999995,540.7999999999996,537.9299999999996,539.8299999999996,2270
2026-07-13T16:30:00+00:00,539.8299999999996,539.8499999999996,533.5399999999996,536.4499999999996,3271
2026-07-13T16:45:00+00:00,536.4499999999996,537.1599999999995,531.9299999999996,534.5499999999996,2675
2026-07-13T17:00:00+00:00,534.5499999999996,538.8099999999996,534.3299999999996,537.3899999999995,2689
2026-07-13T17:15:00+00:00,537.3899999999995,537.4399999999996,535.0599999999996,536.8799999999995,2301
2026-07-13T17:30:00+00:00,536.8799999999995,538.9599999999996,534.9799999999996,536.1599999999995,2305
2026-07-13T17:45:00+00:00,536.1599999999995,536.6499999999995,533.4399999999996,535.0599999999996,2099
2026-07-13T18:00:00+00:00,535.0599999999996,537.3899999999995,534.4399999999996,536.7699999999995,2419
2026-07-13T18:15:00+00:00,536.7699999999995,537.0299999999995,533.9299999999996,533.9399999999996,2092
2026-07-13T18:30:00+00:00,533.9399999999996,535.3099999999996,532.9399999999996,534.5399999999996,2104
2026-07-13T18:45:00+00:00,534.5399999999996,535.9099999999995,533.2299999999996,534.0899999999996,1692
2026-07-13T19:00:00+00:00,534.0899999999996,536.7299999999996,532.4299999999996,533.1999999999996,2388
2026-07-13T19:15:00+00:00,533.1999999999996,533.5999999999996,530.6799999999996,531.9699999999996,1986
2026-07-13T19:30:00+00:00,531.9699999999996,534.8099999999996,531.5899999999996,533.9799999999996,3174
2026-07-13T19:45:00+00:00,533.9799999999996,536.5899999999996,530.5399999999996,532.8399999999996,3593
2026-07-14T13:30:00+00:00,532.8399999999996,572.1799999999996,532.8399999999996,554.4499999999996,6088
2026-07-14T13:45:00+00:00,554.4499999999996,558.2399999999996,552.4499999999996,553.4299999999996,5510
2026-07-14T14:00:00+00:00,553.4299999999996,555.0399999999996,547.8299999999996,550.8799999999995,5131
2026-07-14T14:15:00+00:00,550.8799999999995,551.8599999999996,546.1099999999996,547.7199999999996,4837
2026-07-14T14:30:00+00:00,547.7199999999996,553.0899999999996,546.1199999999995,549.9099999999995,4180
2026-07-14T14:45:00+00:00,549.9099999999995,554.1899999999996,547.1499999999995,553.5899999999996,2594
2026-07-14T15:00:00+00:00,553.5899999999996,562.4399999999996,553.5699999999996,559.8599999999996,2937
2026-07-14T15:15:00+00:00,559.8599999999996,565.7799999999995,559.8599999999996,564.9899999999996,2261
2026-07-14T15:30:00+00:00,564.9899999999996,565.2599999999995,561.1699999999996,561.9499999999996,2366
2026-07-14T15:45:00+00:00,561.9499999999996,563.1099999999996,558.4399999999996,558.7199999999996,2184
2026-07-14T16:00:00+00:00,558.7199999999996,559.3999999999995,551.9399999999996,551.9999999999995,2558
2026-07-14T16:15:00+00:00,551.9999999999995,554.2599999999995,550.4499999999996,554.0299999999995,2327
2026-07-14T16:30:00+00:00,554.0299999999995,554.7299999999996,551.4399999999996,553.9499999999996,1355
2026-07-14T16:45:00+00:00,553.9499999999996,554.6199999999995,552.4299999999996,553.6499999999995,958
2026-07-14T17:00:00+00:00,553.6499999999995,554.3399999999996,552.1299999999995,552.8399999999996,1051
2026-07-14T17:15:00+00:00,552.8399999999996,556.0599999999996,552.7299999999996,554.4299999999996,854
2026-07-14T17:30:00+00:00,554.4299999999996,554.6499999999995,552.3199999999996,552.9699999999996,815
2026-07-14T17:45:00+00:00,552.9699999999996,554.9899999999996,552.6399999999995,554.0199999999995,670
2026-07-14T18:00:00+00:00,554.0199999999995,554.1699999999996,551.9399999999996,553.0999999999996,996
2026-07-14T18:15:00+00:00,553.0999999999996,553.3499999999996,551.4299999999996,551.9799999999996,772
2026-07-14T18:30:00+00:00,551.9799999999996,553.4799999999996,550.4299999999996,551.1799999999996,1501
2026-07-14T18:45:00+00:00,551.1799999999996,551.8199999999996,549.4299999999996,550.2799999999995,934
2026-07-14T19:00:00+00:00,550.2799999999995,550.6799999999996,547.4199999999996,549.6199999999995,1428
2026-07-14T19:15:00+00:00,549.6199999999995,551.6999999999996,546.8299999999996,546.8599999999996,1334
2026-07-14T19:30:00+00:00,546.8599999999996,548.0799999999996,545.1999999999996,546.4499999999996,1732
2026-07-14T19:45:00+00:00,546.4499999999996,549.5499999999996,545.0299999999995,546.4399999999996,2371
2026-07-15T13:30:00+00:00,546.4399999999996,556.8599999999996,546.4399999999996,551.4299999999996,5637
2026-07-15T13:45:00+00:00,551.4299999999996,552.6499999999995,540.9599999999996,544.6099999999996,5108
2026-07-15T14:00:00+00:00,544.6099999999996,545.6299999999995,540.1699999999996,540.2099999999996,4571
2026-07-15T14:15:00+00:00,540.2099999999996,540.4599999999996,527.0299999999995,531.5799999999996,4978
2026-07-15T14:30:00+00:00,531.5799999999996,531.9999999999995,512.9599999999996,517.6499999999995,5293
2026-07-15T14:45:00+00:00,517.6499999999995,521.7899999999996,515.9399999999996,520.3799999999997,4017.1896361631752
2026-07-15T15:00:00+00:00,520.3799999999997,520.9699999999997,515.9999999999997,516.6799999999996,3289
2026-07-15T15:15:00+00:00,516.6799999999996,519.9699999999997,511.9799999999997,519.6899999999997,4761
2026-07-15T15:30:00+00:00,519.6899999999997,520.7199999999997,514.7899999999996,516.8399999999997,2814
2026-07-15T15:45:00+00:00,516.8399999999997,516.8499999999997,513.8299999999997,516.3699999999997,2324
2026-07-15T16:00:00+00:00,516.3699999999997,517.0599999999996,510.8299999999997,510.88999999999965,2740
2026-07-15T16:15:00+00:00,510.88999999999965,512.6299999999997,510.37999999999965,512.4599999999997,2856
2026-07-15T16:30:00+00:00,512.4599999999997,513.6399999999996,507.87999999999965,510.33999999999963,2483
2026-07-15T16:45:00+00:00,510.33999999999963,517.1199999999997,509.95999999999964,517.0399999999996,2571
2026-07-15T17:00:00+00:00,517.0399999999996,520.2699999999996,516.4399999999997,518.8599999999997,1959
2026-07-15T17:15:00+00:00,518.8599999999997,525.3699999999997,518.6199999999997,524.9099999999996,2338
2026-07-15T17:30:00+00:00,524.9099999999996,526.6299999999997,523.6699999999996,526.3499999999997,1930
2026-07-15T17:45:00+00:00,526.3499999999997,529.9099999999996,526.0799999999997,528.7599999999996,2049
2026-07-15T18:00:00+00:00,528.7599999999996,530.6499999999996,528.5299999999996,528.8799999999997,1704
2026-07-15T18:15:00+00:00,528.8799999999997,530.6699999999996,526.3799999999997,529.8099999999996,1796
2026-07-15T18:30:00+00:00,529.8099999999996,530.2899999999996,526.7299999999997,526.9599999999997,1603
2026-07-15T18:45:00+00:00,526.9599999999997,527.5699999999997,522.5499999999996,523.8599999999997,2209
2026-07-15T19:00:00+00:00,523.8599999999997,527.3499999999997,523.3399999999997,525.8199999999997,2403
2026-07-15T19:15:00+00:00,525.8199999999997,526.9399999999997,522.3399999999997,526.5099999999996,2484
2026-07-15T19:30:00+00:00,526.5099999999996,529.1199999999997,524.5399999999996,528.3699999999997,3212
2026-07-15T19:45:00+00:00,528.3699999999997,528.9799999999997,525.7299999999997,527.3699999999997,3420
2026-07-16T13:30:00+00:00,527.3699999999997,527.3699999999997,505.56999999999965,506.61999999999966,7254
2026-07-16T13:45:00+00:00,506.61999999999966,511.6799999999996,504.3599999999997,508.38999999999965,7657
2026-07-16T14:00:00+00:00,508.38999999999965,516.3899999999996,506.6099999999997,514.6899999999997,6533
2026-07-16T14:15:00+00:00,514.6899999999997,515.2199999999997,503.45999999999964,510.00999999999965,5610
2026-07-16T14:30:00+00:00,510.00999999999965,512.4499999999997,507.82999999999964,508.86999999999966,4424
2026-07-16T14:45:00+00:00,508.86999999999966,509.89999999999964,504.44999999999965,507.9799999999997,4447
2026-07-16T15:00:00+00:00,507.9799999999997,510.5699999999997,503.44999999999965,504.7199999999997,3910
2026-07-16T15:15:00+00:00,504.7199999999997,508.37999999999965,503.8499999999997,507.0399999999997,2931
2026-07-16T15:30:00+00:00,507.0399999999997,508.80999999999966,505.32999999999964,506.1699999999997,3575
2026-07-16T15:45:00+00:00,506.1699999999997,506.77999999999963,503.45999999999964,504.83999999999963,3027
2026-07-16T16:00:00+00:00,504.83999999999963,504.89999999999964,499.4099999999997,499.4099999999997,2221
2026-07-16T16:15:00+00:00,499.4099999999997,499.4199999999997,497.00999999999965,498.6599999999997,2859
2026-07-16T16:30:00+00:00,498.6599999999997,500.38999999999965,497.42999999999967,499.0399999999997,2087
2026-07-16T16:45:00+00:00,499.0399999999997,501.6699999999997,496.4799999999997,500.1599999999997,2770
2026-07-16T17:00:00+00:00,500.1599999999997,500.39999999999964,496.4799999999997,496.61999999999966,2578
2026-07-16T17:15:00+00:00,496.61999999999966,497.26999999999964,494.4099999999997,495.98999999999967,2295
2026-07-16T17:30:00+00:00,495.98999999999967,496.48999999999967,490.3499999999997,490.37999999999965,1735
2026-07-16T17:45:00+00:00,490.37999999999965,492.3499999999997,490.08999999999963,491.5999999999997,1533
2026-07-16T18:00:00+00:00,491.5999999999997,494.7899999999997,491.11999999999966,492.8599999999997,1776
2026-07-16T18:15:00+00:00,492.8599999999997,497.1099999999997,492.00999999999965,495.5999999999997,2228
2026-07-16T18:30:00+00:00,495.5999999999997,495.6599999999997,492.42999999999967,493.83999999999963,1772
2026-07-16T18:45:00+00:00,493.83999999999963,494.27999999999963,492.27999999999963,493.3599999999997,1475
2026-07-16T19:00:00+00:00,493.3599999999997,495.54999999999967,491.37999999999965,494.56999999999965,2217
2026-07-16T19:15:00+00:00,494.56999999999965,495.7899999999997,491.4099999999997,495.07999999999964,1848
2026-07-16T19:30:00+00:00,495.07999999999964,496.68999999999966,493.32999999999964,495.13999999999965,2225
2026-07-16T19:45:00+00:00,495.13999999999965,499.92999999999967,493.6099999999997,499.39999999999964,4222
2026-07-17T13:30:00+00:00,499.39999999999964,499.39999999999964,458.50999999999965,460.3499999999997,6800
2026-07-17T13:45:00+00:00,460.3499999999997,475.06999999999965,458.50999999999965,474.32999999999964,6551
2026-07-17T14:00:00+00:00,474.32999999999964,491.0399999999997,473.82999999999964,486.8499999999997,5929
2026-07-17T14:15:00+00:00,486.8499999999997,491.4699999999997,483.94999999999965,487.17999999999967,7517
2026-07-17T14:30:00+00:00,487.17999999999967,490.6699999999997,481.7899999999997,486.67999999999967,6086
2026-07-17T14:45:00+00:00,486.67999999999967,489.76999999999964,483.55999999999966,483.60999999999973,5854.26826839288
2026-07-17T15:00:00+00:00,483.60999999999973,485.34999999999974,479.3399999999997,482.91999999999973,6443
2026-07-17T15:15:00+00:00,482.91999999999973,485.7999999999997,481.5799999999997,484.2399999999997,5484
2026-07-17T15:30:00+00:00,484.2399999999997,490.8399999999997,483.0799999999997,488.8799999999997,5163
2026-07-17T15:45:00+00:00,488.8799999999997,499.78999999999974,488.59999999999974,497.8099999999997,4473
2026-07-17T16:00:00+00:00,497.8099999999997,501.3099999999997,495.59999999999974,500.35999999999973,4828
2026-07-17T16:15:00+00:00,500.35999999999973,501.4499999999997,496.5699999999997,497.3699999999997,4279
2026-07-17T16:30:00+00:00,497.3699999999997,499.4499999999997,495.34999999999974,499.4499999999997,3627
2026-07-17T16:45:00+00:00,499.4499999999997,501.60999999999973,498.0899999999997,499.2599999999997,3507
2026-07-17T17:00:00+00:00,499.2599999999997,501.3899999999997,497.8799999999997,498.0799999999997,3483
2026-07-17T17:15:00+00:00,498.0799999999997,503.09999999999974,497.46999999999974,502.60999999999973,2788
2026-07-17T17:30:00+00:00,502.60999999999973,503.8199999999997,500.1399999999997,500.3799999999997,2494
2026-07-17T17:45:00+00:00,500.3799999999997,501.6399999999997,497.1199999999997,497.7699999999997,2526
2026-07-17T18:00:00+00:00,497.7699999999997,498.6999999999997,494.7099999999997,495.0199999999997,2781
2026-07-17T18:15:00+00:00,495.0199999999997,495.8799999999997,492.4999999999997,494.6299999999997,2427
2026-07-17T18:30:00+00:00,494.6299999999997,496.5299999999997,492.0799999999997,492.66999999999973,2365
2026-07-17T18:45:00+00:00,492.66999999999973,496.7999999999997,492.0799999999997,495.2699999999997,2520
2026-07-17T19:00:00+00:00,495.2699999999997,495.6299999999997,490.5699999999997,490.6399999999997,2059
2026-07-17T19:15:00+00:00,490.6399999999997,494.0799999999997,489.8699999999997,493.5199999999997,3097
2026-07-17T19:30:00+00:00,493.5199999999997,495.90999999999974,491.0899999999997,492.5899999999997,4471
2026-07-17T19:45:00+00:00,492.5899999999997,498.5699999999997,491.91999999999973,493.7099999999997,4920
2026-07-20T13:30:00+00:00,493.7099999999997,520.3999999999996,493.7099999999997,518.8799999999997,5677
2026-07-20T13:45:00+00:00,518.8799999999997,519.6799999999996,508.08999999999963,509.6099999999997,2746
2026-07-20T14:00:00+00:00,509.6099999999997,512.4699999999997,506.68999999999966,508.48999999999967,2230
2026-07-20T14:15:00+00:00,508.48999999999967,513.8999999999996,506.17999999999967,513.5999999999997,2139
2026-07-20T14:30:00+00:00,513.5999999999997,516.8799999999997,511.5799999999997,512.3099999999996,1926
2026-07-20T14:45:00+00:00,512.3099999999996,513.2599999999996,504.73999999999967,505.70999999999964,1688
2026-07-20T15:00:00+00:00,505.70999999999964,508.7899999999997,504.1099999999997,505.87999999999965,1847
2026-07-20T15:15:00+00:00,505.87999999999965,510.49999999999966,505.3499999999997,509.81999999999965,1842
2026-07-20T15:30:00+00:00,509.81999999999965,512.8499999999997,509.19999999999965,512.3399999999997,1895
2026-07-20T15:45:00+00:00,512.3399999999997,513.6199999999997,510.61999999999966,512.2899999999996,1441
2026-07-20T16:00:00+00:00,512.2899999999996,515.9399999999997,511.5799999999997,514.9299999999996,1202
2026-07-20T16:15:00+00:00,514.9299999999996,515.4299999999996,512.3299999999997,512.6799999999996,902
2026-07-20T16:30:00+00:00,512.6799999999996,513.1099999999997,506.57999999999964,507.5999999999997,1725
2026-07-20T16:45:00+00:00,507.5999999999997,509.39999999999964,506.07999999999964,508.0999999999997,1575
2026-07-20T17:00:00+00:00,508.0999999999997,508.92999999999967,506.07999999999964,506.4199999999997,1218
2026-07-20T17:15:00+00:00,506.4199999999997,510.08999999999963,506.08999999999963,509.5399999999997,1220
2026-07-20T17:30:00+00:00,509.5399999999997,510.3299999999997,506.57999999999964,507.4199999999997,1509
2026-07-20T17:45:00+00:00,507.4199999999997,511.5499999999996,507.07999999999964,510.6899999999997,1556
2026-07-20T18:00:00+00:00,510.6899999999997,514.5999999999997,510.27999999999963,514.1999999999997,1474
2026-07-20T18:15:00+00:00,514.1999999999997,514.8699999999997,512.0799999999997,513.6499999999996,957
2026-07-20T18:30:00+00:00,513.6499999999996,513.7799999999996,511.0899999999997,512.5799999999997,1188
2026-07-20T18:45:00+00:00,512.5799999999997,512.8599999999997,510.08999999999963,511.1099999999997,1540
2026-07-20T19:00:00+00:00,511.1099999999997,511.8099999999996,504.9799999999997,505.13999999999965,1426
2026-07-20T19:15:00+00:00,505.13999999999965,507.26999999999964,504.1599999999997,506.51999999999964,2007
2026-07-20T19:30:00+00:00,506.51999999999964,507.5999999999997,505.14999999999964,505.89999999999964,1947
2026-07-20T19:45:00+00:00,505.89999999999964,506.37999999999965,500.31999999999965,501.48999999999967,3645
2026-07-21T13:30:00+00:00,501.48999999999967,530.7499999999997,501.48999999999967,525.0699999999997,4534
2026-07-21T13:45:00+00:00,525.0699999999997,533.5199999999996,522.4099999999996,524.4699999999997,3412
2026-07-21T14:00:00+00:00,524.4699999999997,526.7999999999996,520.7299999999997,523.9599999999997,2277
2026-07-21T14:15:00+00:00,523.9599999999997,529.6099999999997,522.0899999999997,528.7699999999996,1904
2026-07-21T14:30:00+00:00,528.7699999999996,532.4499999999997,525.3699999999997,527.8199999999997,1481
2026-07-21T14:45:00+00:00,527.8199999999997,528.6699999999996,526.2199999999997,526.4499999999997,1187
2026-07-21T15:00:00+00:00,526.4499999999997,534.0899999999997,524.0899999999997,533.5999999999997,1731
2026-07-21T15:15:00+00:00,533.5999999999997,533.8899999999996,531.0399999999996,533.3299999999997,1095
2026-07-21T15:30:00+00:00,533.3299999999997,533.7499999999997,531.1499999999996,531.8999999999996,1018
2026-07-21T15:45:00+00:00,531.8999999999996,533.4599999999997,529.2199999999997,529.5899999999997,867
2026-07-21T16:00:00+00:00,529.5899999999997,532.8799999999997,529.5899999999997,531.5799999999997,697
2026-07-21T16:15:00+00:00,531.5799999999997,536.6299999999997,531.5799999999997,536.1899999999997,1162
2026-07-21T16:30:00+00:00,536.1899999999997,537.7599999999996,534.5299999999996,537.5999999999997,877
2026-07-21T16:45:00+00:00,537.5999999999997,541.0199999999996,537.4399999999997,539.3799999999997,765
2026-07-21T17:00:00+00:00,539.3799999999997,540.7599999999996,538.7399999999997,538.7599999999996,711
2026-07-21T17:15:00+00:00,538.7599999999996,541.3999999999996,538.7399999999997,541.3899999999996,668
2026-07-21T17:30:00+00:00,541.3899999999996,542.5999999999997,540.7899999999996,540.9599999999997,609
2026-07-21T17:45:00+00:00,540.9599999999997,542.2699999999996,540.1999999999997,540.3799999999997,611
2026-07-21T18:00:00+00:00,540.3799999999997,541.3499999999997,539.2399999999997,539.2999999999996,626
2026-07-21T18:15:00+00:00,539.2999999999996,541.5599999999996,539.2799999999996,540.1599999999996,524
2026-07-21T18:30:00+00:00,540.1599999999996,543.7199999999997,539.9799999999997,543.7199999999997,735
2026-07-21T18:45:00+00:00,543.7199999999997,544.8899999999996,541.1299999999997,542.0899999999997,823
2026-07-21T19:00:00+00:00,542.0899999999997,542.3099999999996,539.0799999999997,539.0799999999997,997
2026-07-21T19:15:00+00:00,539.0799999999997,539.9399999999997,537.8799999999997,538.0399999999996,996
2026-07-21T19:30:00+00:00,538.0399999999996,540.2199999999997,537.9799999999997,539.8799999999997,998
2026-07-21T19:45:00+00:00,539.8799999999997,543.2499999999997,537.8499999999997,542.4099999999996,2324
2026-07-22T13:30:00+00:00,542.4099999999996,546.8299999999997,525.9399999999997,544.2899999999996,4664
2026-07-22T13:45:00+00:00,544.2899999999996,551.2699999999996,542.5299999999996,551.0799999999997,4515
2026-07-22T14:00:00+00:00,551.0799999999997,551.3099999999996,542.8799999999997,547.0799999999997,3248
2026-07-22T14:15:00+00:00,547.0799999999997,550.5399999999996,543.3799999999997,548.0999999999997,3452
2026-07-22T14:30:00+00:00,548.0999999999997,549.4799999999997,545.3899999999996,546.0899999999997,3531
2026-07-22T14:45:00+00:00,546.0899999999997,550.4299999999996,545.9699999999997,549.2599999999996,2332.6295669346873
2026-07-22T15:00:00+00:00,549.2599999999996,556.7799999999996,549.2599999999996,555.3899999999996,1728
2026-07-22T15:15:00+00:00,555.3899999999996,555.7999999999997,553.1099999999997,553.3199999999997,1266
2026-07-22T15:30:00+00:00,553.3199999999997,554.6999999999997,551.9099999999996,553.4699999999997,1301
2026-07-22T15:45:00+00:00,553.4699999999997,554.6399999999996,552.1599999999996,554.3999999999996,1058
2026-07-22T16:00:00+00:00,554.3999999999996,555.9999999999997,553.1499999999996,555.4699999999997,1137
2026-07-22T16:15:00+00:00,555.4699999999997,556.7099999999997,553.5699999999997,554.5699999999997,1234
2026-07-22T16:30:00+00:00,554.5699999999997,556.5299999999996,552.5599999999997,552.9099999999996,1424
2026-07-22T16:45:00+00:00,552.9099999999996,554.9299999999997,552.0599999999997,553.9599999999997,821
2026-07-22T17:00:00+00:00,553.9599999999997,556.2399999999997,553.8599999999997,554.9299999999997,848
2026-07-22T17:15:00+00:00,554.9299999999997,556.1299999999997,554.3299999999997,555.5499999999997,887
2026-07-22T17:30:00+00:00,555.5499999999997,555.7499999999997,554.1099999999997,555.0699999999997,619
2026-07-22T17:45:00+00:00,555.0699999999997,556.1699999999997,552.2099999999997,553.2599999999996,885
2026-07-22T18:00:00+00:00,553.2599999999996,555.6299999999997,552.0599999999997,552.1599999999996,1303
2026-07-22T18:15:00+00:00,552.1599999999996,553.2699999999996,551.8699999999997,552.8799999999997,1117
2026-07-22T18:30:00+00:00,552.8799999999997,553.8699999999997,551.5599999999997,553.7899999999996,1390
2026-07-22T18:45:00+00:00,553.7899999999996,555.9099999999996,553.6599999999996,555.0999999999997,1189
2026-07-22T19:00:00+00:00,555.0999999999997,555.9899999999997,553.7299999999997,554.4399999999997,1006
2026-07-22T19:15:00+00:00,554.4399999999997,557.2699999999996,554.0599999999997,557.0699999999997,826
2026-07-22T19:30:00+00:00,557.0699999999997,559.7499999999997,551.7699999999996,553.3399999999997,1661
2026-07-22T19:45:00+00:00,553.3399999999997,554.0099999999996,548.6899999999997,551.0799999999997,2450
2026-07-23T13:30:00+00:00,551.0799999999997,554.6999999999997,540.5699999999997,553.7899999999996,5260
2026-07-23T13:45:00+00:00,553.7899999999996,554.1699999999997,546.6799999999997,548.1799999999997,4791
2026-07-23T14:00:00+00:00,548.1799999999997,552.8199999999997,546.8099999999997,548.0999999999997,4679
2026-07-23T14:15:00+00:00,548.0999999999997,552.5799999999997,547.2499999999997,550.4699999999997,3911
2026-07-23T14:30:00+00:00,550.4699999999997,551.0799999999997,543.8999999999996,545.0099999999996,3300
2026-07-23T14:45:00+00:00,545.0099999999996,546.1199999999997,541.6299999999997,542.8099999999997,3255
2026-07-23T15:00:00+00:00,542.8099999999997,543.5799999999997,537.1099999999997,537.8199999999997,2552
2026-07-23T15:15:00+00:00,537.8199999999997,541.0999999999997,535.1799999999997,535.7799999999996,2480
2026-07-23T15:30:00+00:00,535.7799999999996,538.8799999999997,534.5599999999997,537.0499999999997,2113
2026-07-23T15:45:00+00:00,537.0499999999997,540.1099999999997,536.0599999999997,539.8699999999997,1747
2026-07-23T16:00:00+00:00,539.8699999999997,541.2999999999997,538.0599999999997,540.0499999999997,1266
2026-07-23T16:15:00+00:00,540.0499999999997,543.9799999999997,539.3499999999997,543.4199999999997,1058
2026-07-23T16:30:00+00:00,543.4199999999997,548.6999999999997,541.9199999999997,542.4299999999997,2576
2026-07-23T16:45:00+00:00,542.4299999999997,542.4699999999997,523.6599999999996,527.8799999999997,5053
2026-07-23T17:00:00+00:00,527.8799999999997,532.5799999999997,523.3699999999997,530.8699999999997,4067
2026-07-23T17:15:00+00:00,530.8699999999997,534.3799999999997,528.2599999999996,534.1999999999997,2720
2026-07-23T17:30:00+00:00,534.1999999999997,534.6799999999997,529.9699999999997,531.8099999999997,1928
2026-07-23T17:45:00+00:00,531.8099999999997,536.1599999999996,530.5599999999997,532.9099999999996,1993
2026-07-23T18:00:00+00:00,532.9099999999996,534.8999999999996,531.0699999999997,533.5799999999997,1920
2026-07-23T18:15:00+00:00,533.5799999999997,534.8999999999996,532.5699999999997,534.5699999999997,1284
2026-07-23T18:30:00+00:00,534.5699999999997,536.8699999999997,532.9699999999997,534.4599999999997,1450
2026-07-23T18:45:00+00:00,534.4599999999997,534.7799999999996,532.1099999999997,533.6799999999997,1374
2026-07-23T19:00:00+00:00,533.6799999999997,534.7799999999996,532.0799999999997,533.4799999999997,1606
2026-07-23T19:15:00+00:00,533.4799999999997,539.5699999999997,533.0599999999997,539.0299999999996,1856
2026-07-23T19:30:00+00:00,539.0299999999996,540.0699999999997,534.9699999999997,534.9899999999997,1938
2026-07-23T19:45:00+00:00,534.9899999999997,539.3899999999996,534.3899999999996,538.2099999999997,3298
2026-07-24T13:30:00+00:00,538.2099999999997,547.4299999999997,528.7599999999996,531.7199999999997,6537
2026-07-24T13:45:00+00:00,531.7199999999997,532.5899999999997,516.5799999999997,519.6999999999997,5439
2026-07-24T14:00:00+00:00,519.6999999999997,530.2299999999997,518.0599999999997,528.0599999999997,5060
2026-07-24T14:15:00+00:00,528.0599999999997,529.7899999999996,518.7299999999997,529.3499999999997,4662
2026-07-24T14:30:00+00:00,529.3499999999997,529.7599999999996,519.2499999999997,520.7899999999996,3578
2026-07-24T14:45:00+00:00,520.7899999999996,529.0699999999997,519.6499999999996,527.9099999999996,3609
2026-07-24T15:00:00+00:00,527.9099999999996,532.5699999999997,526.5599999999997,531.4799999999997,3926
2026-07-24T15:15:00+00:00,531.4799999999997,535.4199999999997,525.7899999999996,526.6599999999996,3461
2026-07-24T15:30:00+00:00,526.6599999999996,532.3199999999997,525.5599999999997,528.7599999999996,2952
2026-07-24T15:45:00+00:00,528.7599999999996,536.0999999999997,528.5599999999997,535.2999999999997,2121
2026-07-24T16:00:00+00:00,535.2999999999997,538.4399999999997,533.8899999999996,536.2299999999997,1927
2026-07-24T16:15:00+00:00,536.2299999999997,539.0099999999996,534.6299999999997,536.7999999999997,1701
2026-07-24T16:30:00+00:00,536.7999999999997,536.8799999999997,531.5699999999997,532.4299999999997,2089
2026-07-24T16:45:00+00:00,532.4299999999997,534.5699999999997,530.6599999999996,533.7799999999996,1634
2026-07-24T17:00:00+00:00,533.7799999999996,533.9299999999997,530.2399999999997,531.1799999999997,2025
2026-07-24T17:15:00+00:00,531.1799999999997,534.7099999999997,530.2299999999997,534.4599999999997,1098
2026-07-24T17:30:00+00:00,534.4599999999997,535.4399999999997,530.9199999999997,531.5199999999996,776
2026-07-24T17:45:00+00:00,531.5199999999996,532.9199999999997,530.2999999999997,530.8699999999997,977
2026-07-24T18:00:00+00:00,530.8699999999997,531.4099999999996,528.0699999999997,528.6799999999997,1143
2026-07-24T18:15:00+00:00,528.6799999999997,528.8699999999997,524.8099999999997,525.1099999999997,1265
2026-07-24T18:30:00+00:00,525.1099999999997,525.5199999999996,519.8099999999997,522.2599999999996,1957
2026-07-24T18:45:00+00:00,522.2599999999996,525.2699999999996,520.8799999999997,523.3299999999997,1558
2026-07-24T19:00:00+00:00,523.3299999999997,524.3799999999997,518.0699999999997,518.1299999999997,1884
2026-07-24T19:15:00+00:00,518.1299999999997,521.8199999999997,516.6999999999997,520.9799999999997,2475
2026-07-24T19:30:00+00:00,520.9799999999997,523.0699999999997,519.2699999999996,521.3999999999996,2412
2026-07-24T19:45:00+00:00,521.3999999999996,522.7799999999996,517.2699999999996,520.3899999999996,3261
2026-07-27T13:30:00+00:00,520.3899999999996,525.7899999999996,504.5799999999997,505.74999999999966,5700
2026-07-27T13:45:00+00:00,505.74999999999966,509.0999999999997,502.0799999999997,502.9799999999997,5431
2026-07-27T14:00:00+00:00,502.9799999999997,503.9499999999997,494.75999999999965,494.87999999999965,4462
2026-07-27T14:15:00+00:00,494.87999999999965,496.7699999999997,483.2099999999997,483.2099999999997,4056
2026-07-27T14:30:00+00:00,483.2099999999997,485.04999999999967,475.43999999999966,476.11999999999966,4066
2026-07-27T14:45:00+00:00,476.11999999999966,488.3599999999997,476.11999999999966,487.3599999999997,3804
2026-07-27T15:00:00+00:00,487.3599999999997,487.93999999999966,478.8299999999997,478.8399999999997,3739
2026-07-27T15:15:00+00:00,478.8399999999997,482.9099999999997,476.93999999999966,478.73999999999967,3823
2026-07-27T15:30:00+00:00,478.73999999999967,479.6499999999997,476.6099999999997,478.62999999999965,2539
2026-07-27T15:45:00+00:00,478.62999999999965,481.49999999999966,476.2899999999997,481.4599999999997,2552
2026-07-27T16:00:00+00:00,481.4599999999997,484.7799999999997,480.55999999999966,482.0799999999997,2307
2026-07-27T16:15:00+00:00,482.0799999999997,486.7199999999997,479.8299999999997,484.6499999999997,2615
2026-07-27T16:30:00+00:00,484.6499999999997,486.2799999999997,481.4099999999997,484.3399999999997,2036
2026-07-27T16:45:00+00:00,484.3399999999997,486.79999999999967,480.7899999999997,481.6399999999997,1868
2026-07-27T17:00:00+00:00,481.6399999999997,481.8399999999997,477.43999999999966,479.05999999999966,1584
2026-07-27T17:15:00+00:00,479.05999999999966,479.48999999999967,477.1599999999997,478.0799999999997,1452
2026-07-27T17:30:00+00:00,478.0799999999997,481.23999999999967,478.05999999999966,479.0799999999997,1562
2026-07-27T17:45:00+00:00,479.0799999999997,481.0999999999997,478.1599999999997,480.5099999999996,1252.1616148419128
2026-07-27T18:00:00+00:00,480.5099999999996,483.12999999999954,480.5099999999996,482.75999999999954,565.1316007323783
2026-07-27T18:15:00+00:00,482.75999999999954,483.7699999999995,480.48999999999955,483.25999999999954,934
2026-07-27T18:30:00+00:00,483.25999999999954,483.66999999999956,480.49999999999955,483.23999999999955,1781
2026-07-27T18:45:00+00:00,483.23999999999955,488.36999999999955,482.44999999999953,488.25999999999954,1459
2026-07-27T19:00:00+00:00,488.25999999999954,492.4599999999995,487.47999999999956,490.8999999999995,1717
2026-07-27T19:15:00+00:00,490.8999999999995,495.17999999999955,490.88999999999953,494.9699999999996,1256
2026-07-27T19:30:00+00:00,494.9699999999996,495.4699999999996,491.49999999999955,492.2099999999995,1429
2026-07-27T19:45:00+00:00,492.2099999999995,495.22999999999956,491.47999999999956,494.1499999999995,2576
2026-07-28T13:30:00+00:00,494.1499999999995,494.1499999999995,452.94999999999953,454.55999999999955,5435
2026-07-28T13:45:00+00:00,454.55999999999955,459.23999999999955,449.54999999999956,450.37999999999954,6077
2026-07-28T14:00:00+00:00,450.37999999999954,457.61999999999955,447.24999999999955,447.59999999999957,5196
2026-07-28T14:15:00+00:00,447.59999999999957,448.49999999999955,441.62999999999954,446.73999999999955,3676
2026-07-28T14:30:00+00:00,446.73999999999955,451.36999999999955,445.2699999999995,448.12999999999954,2378
2026-07-28T14:45:00+00:00,448.12999999999954,454.30999999999955,446.57999999999953,451.32999999999953,1980
2026-07-28T15:00:00+00:00,451.32999999999953,453.67999999999955,448.56999999999954,451.24999999999955,2894
2026-07-28T15:15:00+00:00,451.24999999999955,457.41999999999956,450.53999999999957,455.16999999999956,3114
2026-07-28T15:30:00+00:00,455.16999999999956,461.25999999999954,453.72999999999956,461.0199999999995,1913
2026-07-28T15:45:00+00:00,461.0199999999995,464.0299999999996,461.0199999999995,462.85999999999956,1876
2026-07-28T16:00:00+00:00,462.85999999999956,465.97999999999956,459.94999999999953,460.56999999999954,1981
2026-07-28T16:15:00+00:00,460.56999999999954,461.3399999999996,458.98999999999955,459.97999999999956,1464
2026-07-28T16:30:00+00:00,459.97999999999956,461.50999999999954,456.97999999999956,460.06999999999954,2278
2026-07-28T16:45:00+00:00,460.06999999999954,462.10999999999956,458.36999999999955,460.7699999999995,2070
2026-07-28T17:00:00+00:00,460.7699999999995,461.42999999999955,456.94999999999953,457.50999999999954,1186
2026-07-28T17:15:00+00:00,457.50999999999954,459.24999999999955,456.99999999999955,458.44999999999953,1417
2026-07-28T17:30:00+00:00,458.44999999999953,459.99999999999955,457.0199999999995,457.2699999999995,1208
2026-07-28T17:45:00+00:00,457.2699999999995,457.68999999999954,455.53999999999957,457.53999999999957,1046
2026-07-28T18:00:00+00:00,457.53999999999957,458.65999999999957,454.4599999999995,454.4699999999996,1322
2026-07-28T18:15:00+00:00,454.4699999999996,455.67999999999955,453.9699999999996,454.60999999999956,1560
2026-07-28T18:30:00+00:00,454.60999999999956,456.5899999999996,454.60999999999956,455.25999999999954,869
2026-07-28T18:45:00+00:00,455.25999999999954,456.68999999999954,454.4599999999995,456.38999999999953,977
2026-07-28T19:00:00+00:00,456.38999999999953,460.00999999999954,456.12999999999954,459.55999999999955,1217
2026-07-28T19:15:00+00:00,459.55999999999955,464.42999999999955,458.44999999999953,464.34999999999957,1292
2026-07-28T19:30:00+00:00,464.34999999999957,465.04999999999956,456.4599999999995,456.9599999999995,1646
2026-07-28T19:45:00+00:00,456.9599999999995,457.9699999999996,451.86999999999955,454.57999999999953,2859
2026-07-29T13:30:00+00:00,454.57999999999953,456.13999999999953,445.50999999999954,450.92999999999955,6626
2026-07-29T13:45:00+00:00,450.92999999999955,451.49999999999955,437.85999999999956,439.72999999999956,5925
2026-07-29T14:00:00+00:00,439.72999999999956,444.3399999999996,435.7199999999996,435.98999999999955,5505
2026-07-29T14:15:00+00:00,435.98999999999955,439.35999999999956,431.57999999999953,433.32999999999953,3718
2026-07-29T14:30:00+00:00,433.32999999999953,435.92999999999955,428.11999999999955,429.30999999999955,3184
2026-07-29T14:45:00+00:00,429.30999999999955,434.04999999999956,428.84999999999957,432.3399999999995,3866.479171958344
2026-07-29T15:00:00+00:00,432.3399999999995,434.94999999999953,429.7799999999995,430.92999999999955,3859
2026-07-29T15:15:00+00:00,430.92999999999955,432.5899999999995,429.49999999999955,430.23999999999955,2781
2026-07-29T15:30:00+00:00,430.23999999999955,431.5199999999995,428.2199999999995,429.0399999999995,2395
2026-07-29T15:45:00+00:00,429.0399999999995,429.56999999999954,425.57999999999953,428.37999999999954,1801
2026-07-29T16:00:00+00:00,428.37999999999954,429.36999999999955,424.23999999999955,424.75999999999954,2357
2026-07-29T16:15:00+00:00,424.75999999999954,429.8399999999995,424.17999999999955,429.73999999999955,1974
2026-07-29T16:30:00+00:00,429.73999999999955,431.06999999999954,427.1599999999995,427.4099999999995,1439
2026-07-29T16:45:00+00:00,427.4099999999995,430.3999999999995,426.9199999999995,430.3999999999995,1562
2026-07-29T17:00:00+00:00,430.3999999999995,438.30999999999955,430.2299999999995,438.18999999999954,1998
2026-07-29T17:15:00+00:00,438.18999999999954,438.68999999999954,436.1699999999995,436.7299999999995,1904
2026-07-29T17:30:00+00:00,436.7299999999995,439.2699999999995,436.1599999999995,437.37999999999954,1499
2026-07-29T17:45:00+00:00,437.37999999999954,439.0399999999995,435.87999999999954,436.9699999999995,1703
2026-07-29T18:00:00+00:00,436.9699999999995,444.94999999999953,436.9599999999995,441.68999999999954,4638
2026-07-29T18:15:00+00:00,441.68999999999954,443.6599999999995,438.2899999999995,439.79999999999956,4137
2026-07-29T18:30:00+00:00,439.79999999999956,448.4199999999995,438.1599999999995,447.75999999999954,5697
2026-07-29T18:45:00+00:00,447.75999999999954,451.1599999999995,447.17999999999955,450.2099999999995,4248
2026-07-29T19:00:00+00:00,450.2099999999995,453.07999999999953,445.62999999999954,447.7799999999995,4952
2026-07-29T19:15:00+00:00,447.7799999999995,447.8999999999995,438.17999999999955,441.0999999999995,5084
2026-07-29T19:30:00+00:00,441.0999999999995,442.7199999999995,432.79999999999956,433.04999999999956,4636
2026-07-29T19:45:00+00:00,433.04999999999956,434.9099999999995,428.17999999999955,429.6099999999995,4946
2026-07-30T13:30:00+00:00,429.6099999999995,472.06999999999954,429.6099999999995,469.81999999999954,6376
2026-07-30T13:45:00+00:00,469.81999999999954,482.0999999999995,469.7099999999995,481.6599999999995,4566
2026-07-30T14:00:00+00:00,481.6599999999995,486.79999999999956,480.37999999999954,484.2699999999995,5224
2026-07-30T14:15:00+00:00,484.2699999999995,497.44999999999953,484.2699999999995,497.23999999999955,4085
2026-07-30T14:30:00+00:00,497.23999999999955,498.1499999999995,492.55999999999955,493.36999999999955,4120
2026-07-30T14:45:00+00:00,493.36999999999955,494.1099999999995,483.5299999999995,484.57999999999953,4577
2026-07-30T15:00:00+00:00,484.57999999999953,489.8399999999995,483.1599999999995,484.6699999999995,4965
2026-07-30T15:15:00+00:00,484.6699999999995,487.75999999999954,481.86999999999955,482.67999999999955,4685
2026-07-30T15:30:00+00:00,482.67999999999955,484.6699999999995,482.0199999999995,482.8599999999995,3721
2026-07-30T15:45:00+00:00,482.8599999999995,485.37999999999954,481.8599999999995,482.2299999999995,2771
2026-07-30T16:00:00+00:00,482.2299999999995,487.87999999999954,482.2299999999995,487.49999999999955,2834
2026-07-30T16:15:00+00:00,487.49999999999955,487.8399999999995,484.6599999999995,485.55999999999955,2128
2026-07-30T16:30:00+00:00,485.55999999999955,485.9099999999995,481.42999999999955,482.0999999999995,2128
2026-07-30T16:45:00+00:00,482.0999999999995,486.25999999999954,482.00999999999954,485.81999999999954,2222
2026-07-30T17:00:00+00:00,485.81999999999954,486.93999999999954,485.1599999999995,485.87999999999954,1700
2026-07-30T17:15:00+00:00,485.87999999999954,489.00999999999954,485.5399999999995,487.81999999999954,1334
2026-07-30T17:30:00+00:00,487.81999999999954,488.7699999999995,486.73999999999955,487.9099999999995,1384
2026-07-30T17:45:00+00:00,487.9099999999995,488.57999999999953,487.36999999999955,488.2099999999995,922
2026-07-30T18:00:00+00:00,488.2099999999995,489.07999999999953,487.6699999999995,488.63999999999953,1000
2026-07-30T18:15:00+00:00,488.63999999999953,488.63999999999953,485.9599999999995,488.2099999999995,1206
2026-07-30T18:30:00+00:00,488.2099999999995,489.24999999999955,486.5199999999995,487.5299999999995,945
2026-07-30T18:45:00+00:00,487.5299999999995,488.0399999999995,485.29999999999956,486.61999999999955,1080
2026-07-30T19:00:00+00:00,486.61999999999955,491.9599999999995,486.29999999999956,490.4699999999995,1741
2026-07-30T19:15:00+00:00,490.4699999999995,491.2099999999995,487.19999999999953,487.42999999999955,1592
2026-07-30T19:30:00+00:00,487.42999999999955,488.9799999999995,487.1599999999995,487.32999999999953,1585
2026-07-30T19:45:00+00:00,487.32999999999953,488.0899999999995,484.17999999999955,485.23999999999955,2525
2026-07-31T13:30:00+00:00,485.23999999999955,515.3999999999996,485.23999999999955,499.16999999999956,6528
2026-07-31T13:45:00+00:00,499.16999999999956,501.5899999999996,491.16999999999956,495.2999999999996,7421
2026-07-31T14:00:00+00:00,495.2999999999996,495.9499999999996,483.15999999999957,485.6399999999996,7819
2026-07-31T14:15:00+00:00,485.6399999999996,492.5499999999996,483.3999999999996,492.4599999999996,7373
2026-07-31T14:30:00+00:00,492.4599999999996,494.7499999999996,489.3199999999996,490.9599999999996,6280
2026-07-31T14:45:00+00:00,490.9599999999996,493.85999999999956,488.6299999999996,491.41999999999956,4752
2026-07-31T15:00:00+00:00,491.41999999999956,494.10999999999956,488.15999999999957,491.6799999999996,4735
2026-07-31T15:15:00+00:00,491.6799999999996,495.6399999999996,483.8199999999996,486.1999999999996,4552
2026-07-31T15:30:00+00:00,486.1999999999996,490.8699999999996,484.6999999999996,488.0799999999996,4017
2026-07-31T15:45:00+00:00,488.0799999999996,489.9999999999996,485.72999999999956,487.6199999999996,3438
2026-07-31T16:00:00+00:00,487.6199999999996,489.35999999999956,486.47999999999956,488.16999999999956,2998
2026-07-31T16:15:00+00:00,488.16999999999956,491.4599999999996,486.3699999999996,491.4599999999996,2393
2026-07-31T16:30:00+00:00,491.4599999999996,492.6799999999996,487.3699999999996,487.4499999999996,2653
2026-07-31T16:45:00+00:00,487.4499999999996,490.6399999999996,487.15999999999957,489.1499999999996,2255
2026-07-31T17:00:00+00:00,489.1499999999996,490.59999999999957,488.60999999999956,489.97999999999956,2015
2026-07-31T17:15:00+00:00,489.97999999999956,491.9499999999996,489.15999999999957,490.8199999999996,1774
2026-07-31T17:30:00+00:00,490.8199999999996,493.1299999999996,489.84999999999957,490.7999999999996,1936
2026-07-31T17:45:00+00:00,490.7999999999996,491.40999999999957,488.6199999999996,489.3899999999996,2123
2026-07-31T18:00:00+00:00,489.3899999999996,489.8699999999996,486.15999999999957,486.3399999999996,2191
2026-07-31T18:15:00+00:00,486.3399999999996,488.0799999999996,486.16999999999956,487.40999999999957,1751
2026-07-31T18:30:00+00:00,487.40999999999957,488.65999999999957,487.16999999999956,488.2999999999996,1372
2026-07-31T18:45:00+00:00,488.2999999999996,488.9499999999996,486.4599999999996,487.3899999999996,1390
2026-07-31T19:00:00+00:00,487.3899999999996,487.91999999999956,485.40999999999957,485.8699999999996,1980
2026-07-31T19:15:00+00:00,485.8699999999996,486.7999999999996,484.9999999999996,486.6999999999996,2087
2026-07-31T19:30:00+00:00,486.6999999999996,487.0099999999996,482.65999999999957,484.0799999999996,2340
2026-07-31T19:45:00+00:00,484.0799999999996,486.5899999999996,475.72999999999956,476.4899999999996,3317
